date,YEAR,DOY,PRECTOTCORR,RH2M,QV2M,IMERG_PRECTOT
2018-01-01,2018,1,2.78,82.03,17.97,
2018-01-02,2018,2,1.12,80.7,17.68,
2018-01-03,2018,3,2.1,80.94,17.54,
2018-01-04,2018,4,13.05,88.96,17.55,
2018-01-05,2018,5,4.79,86.89,16.87,
2018-01-06,2018,6,11.2,82.64,15.61,
2018-01-07,2018,7,3.51,83.6,15.57,
2018-01-08,2018,8,3.03,78.82,15.69,
2018-01-09,2018,9,16.19,84.27,16.6,
2018-01-10,2018,10,4.49,85.25,17.04,
2018-01-11,2018,11,8.08,86.85,16.93,
2018-01-12,2018,12,13.84,86.73,16.49,
2018-01-13,2018,13,12.72,88.82,16.82,
2018-01-14,2018,14,3.77,89.69,17.29,
2018-01-15,2018,15,2.45,86.2,16.61,
2018-01-16,2018,16,7.26,85.88,16.98,
2018-01-17,2018,17,0.48,80.39,16.93,
2018-01-18,2018,18,0.3,84.43,17.18,
2018-01-19,2018,19,3.25,89.15,17.39,
2018-01-20,2018,20,2.77,86.89,17.13,
2018-01-21,2018,21,14.06,86.41,17.58,
2018-01-22,2018,22,2.72,86.11,17.78,
2018-01-23,2018,23,0.11,85.74,16.76,
2018-01-24,2018,24,1.72,81.49,16.99,
2018-01-25,2018,25,3.69,85.22,17.96,
2018-01-26,2018,26,7.71,87.4,17.8,
2018-01-27,2018,27,6.78,88.37,17.58,
2018-01-28,2018,28,4.6,87.04,17.4,
2018-01-29,2018,29,7.32,87.04,17.88,
2018-01-30,2018,30,12.38,87.34,18.18,
2018-01-31,2018,31,5.0,87.93,18.33,
2018-02-01,2018,32,11.69,89.91,18.26,
2018-02-02,2018,33,22.34,89.94,18.18,
2018-02-03,2018,34,10.16,90.23,17.76,
2018-02-04,2018,35,45.86,93.26,17.44,
2018-02-05,2018,36,15.42,90.75,17.69,
2018-02-06,2018,37,38.31,90.42,17.8,
2018-02-07,2018,38,16.83,89.11,18.21,
2018-02-08,2018,39,25.27,86.61,17.92,
2018-02-09,2018,40,17.18,90.97,18.12,
2018-02-10,2018,41,1.65,90.13,17.82,
2018-02-11,2018,42,1.35,87.26,16.52,
2018-02-12,2018,43,1.16,83.71,16.65,
2018-02-13,2018,44,13.35,89.84,17.07,
2018-02-14,2018,45,5.06,88.92,17.31,
2018-02-15,2018,46,3.66,90.26,16.39,
2018-02-16,2018,47,1.53,86.33,16.57,
2018-02-17,2018,48,12.08,90.27,17.04,
2018-02-18,2018,49,4.59,90.16,17.79,
2018-02-19,2018,50,12.14,90.53,17.36,
2018-02-20,2018,51,39.02,87.11,17.28,
2018-02-21,2018,52,5.47,89.59,18.1,
2018-02-22,2018,53,22.79,92.89,16.88,
2018-02-23,2018,54,4.0,87.64,17.17,
2018-02-24,2018,55,25.61,86.06,17.45,
2018-02-25,2018,56,71.2,90.25,17.61,
2018-02-26,2018,57,1.24,81.67,16.57,
2018-02-27,2018,58,1.48,84.29,17.59,
2018-02-28,2018,59,10.6,89.55,17.94,
2018-03-01,2018,60,38.58,90.62,17.6,
2018-03-02,2018,61,0.98,90.14,17.32,
2018-03-03,2018,62,9.13,87.67,17.87,
2018-03-04,2018,63,6.0,89.13,18.15,
2018-03-05,2018,64,0.44,89.25,17.95,
2018-03-06,2018,65,2.38,87.9,18.0,
2018-03-07,2018,66,12.65,90.39,18.69,
2018-03-08,2018,67,68.84,92.56,18.0,
2018-03-09,2018,68,21.87,90.24,17.47,
2018-03-10,2018,69,2.77,91.11,17.71,
2018-03-11,2018,70,5.42,83.6,17.66,
2018-03-12,2018,71,4.2,90.34,18.51,
2018-03-13,2018,72,6.51,88.81,18.01,
2018-03-14,2018,73,5.97,88.33,18.02,
2018-03-15,2018,74,72.07,87.31,17.92,
2018-03-16,2018,75,15.87,85.45,17.37,
2018-03-17,2018,76,5.64,83.36,17.79,
2018-03-18,2018,77,0.41,82.69,17.8,
2018-03-19,2018,78,17.06,91.84,18.03,
2018-03-20,2018,79,5.11,90.6,18.1,
2018-03-21,2018,80,1.38,89.2,18.28,
2018-03-22,2018,81,4.72,89.45,18.57,
2018-03-23,2018,82,10.02,91.74,18.35,
2018-03-24,2018,83,7.53,85.22,16.7,
2018-03-25,2018,84,16.05,91.31,17.26,
2018-03-26,2018,85,2.75,86.62,16.16,
2018-03-27,2018,86,0.2,87.39,17.41,
2018-03-28,2018,87,5.24,89.64,18.45,
2018-03-29,2018,88,6.69,90.58,18.83,
2018-03-30,2018,89,7.86,91.7,18.26,
2018-03-31,2018,90,0.75,86.32,17.35,
2018-04-01,2018,91,7.54,87.8,17.86,
2018-04-02,2018,92,16.27,88.05,17.17,
2018-04-03,2018,93,23.13,89.57,18.14,
2018-04-04,2018,94,21.07,88.21,18.18,
2018-04-05,2018,95,5.83,90.92,18.66,
2018-04-06,2018,96,8.61,91.54,17.55,
2018-04-07,2018,97,14.86,91.29,17.45,
2018-04-08,2018,98,12.13,86.86,17.05,
2018-04-09,2018,99,17.19,87.61,17.9,
2018-04-10,2018,100,11.29,88.71,17.31,
2018-04-11,2018,101,16.64,91.34,17.11,
2018-04-12,2018,102,3.52,89.81,16.72,
2018-04-13,2018,103,9.65,86.13,16.89,
2018-04-14,2018,104,12.07,93.0,17.47,
2018-04-15,2018,105,3.66,92.59,17.37,
2018-04-16,2018,106,2.84,87.44,17.46,
2018-04-17,2018,107,6.5,88.3,17.67,
2018-04-18,2018,108,3.15,91.66,17.7,
2018-04-19,2018,109,2.21,88.77,17.91,
2018-04-20,2018,110,3.75,88.16,18.29,
2018-04-21,2018,111,1.04,87.64,18.08,
2018-04-22,2018,112,0.39,87.53,18.24,
2018-04-23,2018,113,1.99,90.31,18.23,
2018-04-24,2018,114,0.56,88.81,18.17,
2018-04-25,2018,115,2.86,87.96,18.07,
2018-04-26,2018,116,2.23,89.2,17.82,
2018-04-27,2018,117,0.31,88.07,17.98,
2018-04-28,2018,118,0.03,86.8,17.24,
2018-04-29,2018,119,2.25,86.14,17.01,
2018-04-30,2018,120,0.79,87.69,17.74,
2018-05-01,2018,121,3.35,88.11,17.91,
2018-05-02,2018,122,2.14,92.18,17.82,
2018-05-03,2018,123,0.29,89.43,17.54,
2018-05-04,2018,124,1.07,90.2,17.77,
2018-05-05,2018,125,0.11,88.56,17.47,
2018-05-06,2018,126,0.3,87.96,16.69,
2018-05-07,2018,127,0.12,84.44,16.65,
2018-05-08,2018,128,0.06,84.42,17.35,
2018-05-09,2018,129,0.08,83.82,17.09,
2018-05-10,2018,130,0.19,86.68,17.32,
2018-05-11,2018,131,0.11,85.48,17.32,
2018-05-12,2018,132,6.41,88.64,17.83,
2018-05-13,2018,133,1.38,90.9,17.42,
2018-05-14,2018,134,2.92,87.76,17.62,
2018-05-15,2018,135,5.23,89.39,17.92,
2018-05-16,2018,136,5.29,86.42,17.45,
2018-05-17,2018,137,0.6,86.45,17.16,
2018-05-18,2018,138,0.02,86.22,17.53,
2018-05-19,2018,139,0.16,88.61,17.96,
2018-05-20,2018,140,8.99,90.42,18.22,
2018-05-21,2018,141,3.91,90.12,17.81,
2018-05-22,2018,142,2.38,88.76,18.04,
2018-05-23,2018,143,0.54,89.3,17.76,
2018-05-24,2018,144,0.04,86.93,17.68,
2018-05-25,2018,145,0.01,87.57,17.01,
2018-05-26,2018,146,0.01,84.02,15.93,
2018-05-27,2018,147,0.01,85.12,16.02,
2018-05-28,2018,148,0.02,85.59,16.09,
2018-05-29,2018,149,0.13,84.19,15.88,
2018-05-30,2018,150,0.11,86.17,16.27,
2018-05-31,2018,151,0.02,84.66,16.1,
2018-06-01,2018,152,0.0,84.37,16.33,
2018-06-02,2018,153,0.0,86.78,16.73,
2018-06-03,2018,154,0.0,85.52,16.61,
2018-06-04,2018,155,0.11,85.79,17.12,
2018-06-05,2018,156,1.43,86.61,17.4,
2018-06-06,2018,157,0.29,85.38,17.21,
2018-06-07,2018,158,0.08,85.78,17.39,
2018-06-08,2018,159,0.02,86.08,17.38,
2018-06-09,2018,160,5.17,89.63,18.19,
2018-06-10,2018,161,1.56,87.93,17.67,
2018-06-11,2018,162,0.0,86.42,17.12,
2018-06-12,2018,163,0.0,83.42,16.07,
2018-06-13,2018,164,0.0,85.62,16.04,
2018-06-14,2018,165,0.0,82.89,15.49,
2018-06-15,2018,166,0.0,85.33,15.91,
2018-06-16,2018,167,0.0,83.83,15.32,
2018-06-17,2018,168,0.0,82.74,15.36,
2018-06-18,2018,169,0.0,82.61,14.86,
2018-06-19,2018,170,0.34,82.05,14.92,
2018-06-20,2018,171,0.05,83.17,15.3,
2018-06-21,2018,172,0.0,80.63,13.83,
2018-06-22,2018,173,0.0,80.7,13.69,
2018-06-23,2018,174,0.05,79.91,14.45,
2018-06-24,2018,175,0.04,80.99,14.18,
2018-06-25,2018,176,0.0,78.8,13.48,
2018-06-26,2018,177,0.0,76.4,13.14,
2018-06-27,2018,178,0.0,75.04,12.85,
2018-06-28,2018,179,0.0,73.32,13.25,
2018-06-29,2018,180,0.01,77.55,14.07,
2018-06-30,2018,181,0.0,73.35,13.06,
2018-07-01,2018,182,0.0,72.26,12.98,
2018-07-02,2018,183,0.0,70.94,12.97,
2018-07-03,2018,184,0.02,70.18,12.78,
2018-07-04,2018,185,0.03,70.15,13.5,
2018-07-05,2018,186,0.0,68.26,13.11,
2018-07-06,2018,187,0.0,66.72,12.54,
2018-07-07,2018,188,0.01,70.53,13.7,
2018-07-08,2018,189,0.04,76.75,15.63,
2018-07-09,2018,190,0.0,67.16,13.25,
2018-07-10,2018,191,0.0,62.23,12.52,
2018-07-11,2018,192,0.0,74.61,15.4,
2018-07-12,2018,193,0.38,71.15,15.39,
2018-07-13,2018,194,0.75,71.05,15.31,
2018-07-14,2018,195,0.01,66.49,14.12,
2018-07-15,2018,196,0.0,64.71,13.62,
2018-07-16,2018,197,0.0,63.26,13.0,
2018-07-17,2018,198,0.0,57.93,11.02,
2018-07-18,2018,199,0.0,60.32,12.51,
2018-07-19,2018,200,0.0,58.73,12.43,
2018-07-20,2018,201,0.0,57.18,11.44,
2018-07-21,2018,202,0.0,52.33,10.43,
2018-07-22,2018,203,0.06,55.53,11.74,
2018-07-23,2018,204,0.0,53.75,11.58,
2018-07-24,2018,205,0.0,51.68,11.11,
2018-07-25,2018,206,0.0,55.71,11.5,
2018-07-26,2018,207,0.0,54.31,11.55,
2018-07-27,2018,208,0.33,55.73,12.31,
2018-07-28,2018,209,0.0,56.6,12.88,
2018-07-29,2018,210,0.0,57.26,13.37,
2018-07-30,2018,211,0.01,60.39,14.08,
2018-07-31,2018,212,0.0,61.83,14.4,
2018-08-01,2018,213,0.0,56.47,13.37,
2018-08-02,2018,214,0.0,60.69,14.57,
2018-08-03,2018,215,0.34,62.1,14.48,
2018-08-04,2018,216,0.36,63.99,14.59,
2018-08-05,2018,217,0.02,57.46,13.32,
2018-08-06,2018,218,0.0,54.21,12.78,
2018-08-07,2018,219,0.0,49.04,11.68,
2018-08-08,2018,220,0.0,55.63,12.91,
2018-08-09,2018,221,0.0,49.52,11.44,
2018-08-10,2018,222,0.0,47.57,11.76,
2018-08-11,2018,223,1.09,62.18,14.49,
2018-08-12,2018,224,2.88,69.35,15.62,
2018-08-13,2018,225,2.52,71.79,15.86,
2018-08-14,2018,226,2.65,69.89,15.78,
2018-08-15,2018,227,4.06,76.5,16.39,
2018-08-16,2018,228,12.82,70.87,15.39,
2018-08-17,2018,229,1.77,71.21,14.94,
2018-08-18,2018,230,0.65,66.27,14.62,
2018-08-19,2018,231,0.37,67.92,14.94,
2018-08-20,2018,232,0.01,57.7,13.3,
2018-08-21,2018,233,0.84,61.89,14.64,
2018-08-22,2018,234,0.11,54.64,12.98,
2018-08-23,2018,235,0.0,50.74,11.13,
2018-08-24,2018,236,0.0,56.7,12.67,
2018-08-25,2018,237,0.02,56.99,13.75,
2018-08-26,2018,238,1.6,56.86,14.28,
2018-08-27,2018,239,0.0,49.72,12.54,
2018-08-28,2018,240,1.4,54.44,13.02,
2018-08-29,2018,241,0.03,49.09,12.09,
2018-08-30,2018,242,0.0,46.28,11.39,
2018-08-31,2018,243,0.0,35.89,8.57,
2018-09-01,2018,244,0.0,33.4,8.08,
2018-09-02,2018,245,0.0,37.69,9.28,
2018-09-03,2018,246,0.01,43.72,11.77,
2018-09-04,2018,247,2.09,48.61,13.0,
2018-09-05,2018,248,9.79,69.45,16.63,
2018-09-06,2018,249,4.0,70.35,16.27,
2018-09-07,2018,250,1.21,72.93,16.31,
2018-09-08,2018,251,1.18,69.52,15.41,
2018-09-09,2018,252,1.13,66.86,15.17,
2018-09-10,2018,253,0.54,63.55,14.39,
2018-09-11,2018,254,0.83,61.61,14.69,
2018-09-12,2018,255,1.98,65.42,15.75,
2018-09-13,2018,256,0.1,67.27,15.99,
2018-09-14,2018,257,0.02,58.81,14.19,
2018-09-15,2018,258,0.0,58.0,14.39,
2018-09-16,2018,259,0.01,54.14,14.29,
2018-09-17,2018,260,0.04,52.72,13.89,
2018-09-18,2018,261,2.26,51.78,14.1,
2018-09-19,2018,262,0.67,57.84,14.58,
2018-09-20,2018,263,0.07,52.69,13.64,
2018-09-21,2018,264,0.02,49.7,13.51,
2018-09-22,2018,265,0.01,43.79,12.31,
2018-09-23,2018,266,0.01,47.51,13.06,
2018-09-24,2018,267,0.0,47.16,13.5,
2018-09-25,2018,268,0.67,51.65,14.38,
2018-09-26,2018,269,0.44,49.16,13.78,
2018-09-27,2018,270,0.41,55.7,14.68,
2018-09-28,2018,271,0.17,51.24,13.85,
2018-09-29,2018,272,0.01,49.51,13.86,
2018-09-30,2018,273,0.0,45.11,13.13,
2018-10-01,2018,274,0.0,47.77,13.68,
2018-10-02,2018,275,0.04,47.26,13.55,
2018-10-03,2018,276,0.01,42.67,12.72,
2018-10-04,2018,277,1.06,44.16,12.62,
2018-10-05,2018,278,0.44,44.77,13.0,
2018-10-06,2018,279,2.47,48.19,14.06,
2018-10-07,2018,280,2.59,63.66,16.17,
2018-10-08,2018,281,0.46,64.14,15.8,
2018-10-09,2018,282,0.27,60.38,15.33,
2018-10-10,2018,283,0.53,50.97,13.92,
2018-10-11,2018,284,0.18,48.28,13.7,
2018-10-12,2018,285,0.03,46.99,13.15,
2018-10-13,2018,286,0.3,48.1,13.51,
2018-10-14,2018,287,2.91,49.67,14.26,
2018-10-15,2018,288,1.47,57.78,15.72,
2018-10-16,2018,289,4.52,68.71,17.11,
2018-10-17,2018,290,9.66,73.48,17.24,
2018-10-18,2018,291,5.73,78.17,17.53,
2018-10-19,2018,292,2.4,72.92,17.32,
2018-10-20,2018,293,0.58,78.49,17.5,
2018-10-21,2018,294,10.0,80.21,17.27,
2018-10-22,2018,295,1.86,75.95,16.48,
2018-10-23,2018,296,1.56,68.12,16.54,
2018-10-24,2018,297,0.0,61.79,15.88,
2018-10-25,2018,298,0.0,59.11,16.11,
2018-10-26,2018,299,0.0,58.86,15.85,
2018-10-27,2018,300,0.0,63.9,16.39,
2018-10-28,2018,301,0.0,58.36,15.39,
2018-10-29,2018,302,0.51,55.27,15.13,
2018-10-30,2018,303,4.8,65.29,16.65,
2018-10-31,2018,304,1.01,66.7,16.58,
2018-11-01,2018,305,0.54,68.86,15.88,
2018-11-02,2018,306,0.14,60.56,15.75,
2018-11-03,2018,307,0.02,69.12,15.89,
2018-11-04,2018,308,14.62,64.26,16.01,
2018-11-05,2018,309,3.31,82.94,17.6,
2018-11-06,2018,310,6.17,73.67,16.77,
2018-11-07,2018,311,9.46,82.75,17.87,
2018-11-08,2018,312,2.07,77.49,17.28,
2018-11-09,2018,313,0.2,68.29,17.04,
2018-11-10,2018,314,2.97,71.21,17.29,
2018-11-11,2018,315,3.62,82.58,17.85,
2018-11-12,2018,316,2.03,80.93,17.2,
2018-11-13,2018,317,1.38,72.13,15.67,
2018-11-14,2018,318,1.52,63.97,15.66,
2018-11-15,2018,319,2.62,65.47,16.23,
2018-11-16,2018,320,6.36,81.21,18.08,
2018-11-17,2018,321,0.48,67.54,16.21,
2018-11-18,2018,322,0.79,64.32,16.35,
2018-11-19,2018,323,0.18,63.72,16.45,
2018-11-20,2018,324,8.86,66.75,17.0,
2018-11-21,2018,325,8.43,74.98,17.99,
2018-11-22,2018,326,15.38,85.05,18.23,
2018-11-23,2018,327,1.35,83.76,17.88,
2018-11-24,2018,328,3.44,87.03,17.38,
2018-11-25,2018,329,1.14,80.8,17.1,
2018-11-26,2018,330,9.93,85.6,18.14,
2018-11-27,2018,331,9.79,84.78,17.66,
2018-11-28,2018,332,14.41,84.33,17.59,
2018-11-29,2018,333,10.68,88.2,17.95,
2018-11-30,2018,334,1.71,87.51,17.76,
2018-12-01,2018,335,2.43,85.59,17.02,
2018-12-02,2018,336,7.43,87.03,17.04,
2018-12-03,2018,337,14.86,82.75,17.02,
2018-12-04,2018,338,28.77,90.78,17.2,
2018-12-05,2018,339,7.62,87.64,16.79,
2018-12-06,2018,340,2.04,86.62,16.52,
2018-12-07,2018,341,0.68,84.09,16.73,
2018-12-08,2018,342,4.82,84.16,17.75,
2018-12-09,2018,343,8.6,88.19,17.64,
2018-12-10,2018,344,8.24,88.21,17.67,
2018-12-11,2018,345,2.6,84.41,17.12,
2018-12-12,2018,346,4.51,87.79,17.38,
2018-12-13,2018,347,0.91,83.52,17.07,
2018-12-14,2018,348,2.05,83.61,16.99,
2018-12-15,2018,349,0.04,81.2,16.65,
2018-12-16,2018,350,0.01,78.59,16.36,
2018-12-17,2018,351,3.17,80.46,16.86,
2018-12-18,2018,352,1.19,86.06,17.49,
2018-12-19,2018,353,0.06,81.3,17.39,
2018-12-20,2018,354,0.57,81.99,17.52,
2018-12-21,2018,355,0.47,81.33,17.36,
2018-12-22,2018,356,6.93,79.53,16.18,
2018-12-23,2018,357,1.03,78.7,15.66,
2018-12-24,2018,358,1.44,84.29,15.65,
2018-12-25,2018,359,0.16,75.14,15.44,
2018-12-26,2018,360,4.36,84.9,17.04,
2018-12-27,2018,361,0.09,79.25,16.71,
2018-12-28,2018,362,2.04,79.27,17.02,
2018-12-29,2018,363,7.18,89.77,17.7,
2018-12-30,2018,364,4.81,90.35,17.7,
2018-12-31,2018,365,43.1,91.44,17.88,
2019-01-01,2019,1,1.04,87.71,17.4,
2019-01-02,2019,2,0.71,84.46,17.86,
2019-01-03,2019,3,2.65,86.79,18.17,
2019-01-04,2019,4,1.67,86.48,18.2,
2019-01-05,2019,5,0.47,85.04,18.21,
2019-01-06,2019,6,4.2,88.13,17.76,
2019-01-07,2019,7,18.92,87.37,16.69,
2019-01-08,2019,8,2.89,86.06,16.9,
2019-01-09,2019,9,5.01,85.87,17.12,
2019-01-10,2019,10,3.66,87.76,16.56,
2019-01-11,2019,11,2.59,85.86,16.62,
2019-01-12,2019,12,0.7,84.08,16.36,
2019-01-13,2019,13,3.91,82.87,16.92,
2019-01-14,2019,14,10.93,90.26,17.45,
2019-01-15,2019,15,0.12,83.01,16.18,
2019-01-16,2019,16,0.07,86.36,16.67,
2019-01-17,2019,17,1.54,84.72,17.21,
2019-01-18,2019,18,3.94,85.33,17.79,
2019-01-19,2019,19,2.12,89.4,17.83,
2019-01-20,2019,20,3.34,90.98,17.42,
2019-01-21,2019,21,3.76,85.63,17.51,
2019-01-22,2019,22,6.06,92.19,17.82,
2019-01-23,2019,23,4.36,90.48,17.45,
2019-01-24,2019,24,1.38,86.44,17.59,
2019-01-25,2019,25,5.21,87.57,17.55,
2019-01-26,2019,26,12.78,91.49,17.18,
2019-01-27,2019,27,28.86,88.97,16.81,
2019-01-28,2019,28,9.55,87.65,17.49,
2019-01-29,2019,29,2.49,85.81,17.73,
2019-01-30,2019,30,2.79,87.19,17.94,
2019-01-31,2019,31,10.85,87.97,17.87,
2019-02-01,2019,32,10.97,88.17,17.65,
2019-02-02,2019,33,0.4,84.28,16.95,
2019-02-03,2019,34,0.03,79.85,16.05,
2019-02-04,2019,35,8.98,82.07,16.88,
2019-02-05,2019,36,5.52,85.29,17.86,
2019-02-06,2019,37,11.08,87.03,18.28,
2019-02-07,2019,38,14.73,89.04,18.32,
2019-02-08,2019,39,2.98,88.64,17.85,
2019-02-09,2019,40,7.99,85.06,18.26,
2019-02-10,2019,41,0.44,86.77,18.26,
2019-02-11,2019,42,2.52,86.77,18.39,
2019-02-12,2019,43,1.82,86.69,18.75,
2019-02-13,2019,44,3.91,89.48,18.68,
2019-02-14,2019,45,0.24,87.03,17.87,
2019-02-15,2019,46,0.08,85.06,17.65,
2019-02-16,2019,47,15.15,86.08,18.07,
2019-02-17,2019,48,14.17,92.22,18.41,
2019-02-18,2019,49,5.93,88.28,17.7,
2019-02-19,2019,50,2.49,86.3,17.74,
2019-02-20,2019,51,4.97,87.64,18.45,
2019-02-21,2019,52,12.34,90.89,17.99,
2019-02-22,2019,53,1.49,90.38,18.08,
2019-02-23,2019,54,6.33,90.82,17.47,
2019-02-24,2019,55,7.06,86.76,17.15,
2019-02-25,2019,56,6.11,90.65,17.32,
2019-02-26,2019,57,18.94,88.89,16.49,
2019-02-27,2019,58,3.29,87.32,16.79,
2019-02-28,2019,59,23.67,88.95,17.6,
2019-03-01,2019,60,2.66,88.5,16.84,
2019-03-02,2019,61,14.43,83.7,17.31,
2019-03-03,2019,62,18.92,88.61,17.79,
2019-03-04,2019,63,14.0,91.21,17.62,
2019-03-05,2019,64,25.57,90.85,17.07,
2019-03-06,2019,65,9.22,89.62,16.88,
2019-03-07,2019,66,1.66,89.43,17.36,
2019-03-08,2019,67,0.12,87.54,17.35,
2019-03-09,2019,68,0.59,85.27,17.9,
2019-03-10,2019,69,0.28,88.23,17.71,
2019-03-11,2019,70,8.14,87.2,17.6,
2019-03-12,2019,71,3.77,86.19,17.55,
2019-03-13,2019,72,3.3,87.42,17.47,
2019-03-14,2019,73,0.09,86.97,17.77,
2019-03-15,2019,74,0.28,86.94,18.0,
2019-03-16,2019,75,0.82,89.72,18.14,
2019-03-17,2019,76,0.05,89.16,17.88,
2019-03-18,2019,77,0.03,88.28,18.26,
2019-03-19,2019,78,0.47,89.37,18.38,
2019-03-20,2019,79,0.42,87.3,18.29,
2019-03-21,2019,80,2.8,85.44,18.18,
2019-03-22,2019,81,11.73,90.62,18.17,
2019-03-23,2019,82,2.29,86.26,17.3,
2019-03-24,2019,83,9.01,87.91,18.0,
2019-03-25,2019,84,24.44,93.52,17.66,
2019-03-26,2019,85,12.47,91.36,17.32,
2019-03-27,2019,86,4.89,87.39,17.75,
2019-03-28,2019,87,4.52,88.16,18.52,
2019-03-29,2019,88,6.34,88.61,18.74,
2019-03-30,2019,89,24.8,90.67,18.9,
2019-03-31,2019,90,5.05,93.28,18.64,
2019-04-01,2019,91,6.18,92.45,17.81,
2019-04-02,2019,92,0.1,86.9,17.73,
2019-04-03,2019,93,1.97,84.89,18.53,
2019-04-04,2019,94,15.82,92.23,18.5,
2019-04-05,2019,95,1.91,90.06,17.67,
2019-04-06,2019,96,2.7,87.15,17.46,
2019-04-07,2019,97,2.04,88.37,17.92,
2019-04-08,2019,98,4.4,87.19,18.12,
2019-04-09,2019,99,4.8,89.57,18.41,
2019-04-10,2019,100,7.77,91.08,17.54,
2019-04-11,2019,101,3.14,83.84,17.44,
2019-04-12,2019,102,0.15,84.1,17.89,
2019-04-13,2019,103,2.26,89.23,18.32,
2019-04-14,2019,104,5.1,86.17,18.27,
2019-04-15,2019,105,1.74,86.78,18.25,
2019-04-16,2019,106,5.16,86.74,17.94,
2019-04-17,2019,107,6.3,87.64,18.27,
2019-04-18,2019,108,0.51,87.42,18.44,
2019-04-19,2019,109,1.24,92.96,18.58,
2019-04-20,2019,110,0.39,88.62,18.25,
2019-04-21,2019,111,0.1,82.69,18.06,
2019-04-22,2019,112,2.39,90.56,18.71,
2019-04-23,2019,113,10.22,90.41,18.02,
2019-04-24,2019,114,0.73,86.67,18.32,
2019-04-25,2019,115,0.57,90.16,18.67,
2019-04-26,2019,116,0.01,86.18,18.31,
2019-04-27,2019,117,0.02,85.17,17.8,
2019-04-28,2019,118,0.26,87.34,18.34,
2019-04-29,2019,119,3.51,88.67,18.22,
2019-04-30,2019,120,1.85,88.56,18.0,
2019-05-01,2019,121,1.46,89.83,18.36,
2019-05-02,2019,122,1.69,91.19,18.01,
2019-05-03,2019,123,1.26,87.74,18.2,
2019-05-04,2019,124,0.0,86.61,18.34,
2019-05-05,2019,125,0.04,83.82,17.78,
2019-05-06,2019,126,0.01,81.13,17.15,
2019-05-07,2019,127,0.01,81.09,17.41,
2019-05-08,2019,128,0.0,84.67,17.93,
2019-05-09,2019,129,0.55,87.95,18.38,
2019-05-10,2019,130,1.61,89.12,18.47,
2019-05-11,2019,131,0.07,83.92,18.31,
2019-05-12,2019,132,0.32,83.0,18.01,
2019-05-13,2019,133,0.67,88.44,18.04,
2019-05-14,2019,134,1.5,83.48,17.73,
2019-05-15,2019,135,17.58,87.04,17.92,
2019-05-16,2019,136,4.42,85.13,16.08,
2019-05-17,2019,137,4.41,87.19,16.81,
2019-05-18,2019,138,0.75,85.79,17.35,
2019-05-19,2019,139,2.51,87.83,18.32,
2019-05-20,2019,140,3.42,88.55,18.48,
2019-05-21,2019,141,0.48,86.5,18.79,
2019-05-22,2019,142,0.09,84.55,18.65,
2019-05-23,2019,143,0.27,83.83,17.91,
2019-05-24,2019,144,4.65,86.45,18.34,
2019-05-25,2019,145,0.0,83.59,17.96,
2019-05-26,2019,146,0.51,83.15,17.92,
2019-05-27,2019,147,0.67,80.81,17.8,
2019-05-28,2019,148,0.11,79.95,17.12,
2019-05-29,2019,149,0.0,78.85,17.03,
2019-05-30,2019,150,0.0,77.9,17.01,
2019-05-31,2019,151,4.38,81.0,17.58,
2019-06-01,2019,152,1.49,84.02,17.84,
2019-06-02,2019,153,0.03,76.27,16.98,
2019-06-03,2019,154,0.06,77.35,16.82,
2019-06-04,2019,155,0.04,74.52,16.42,
2019-06-05,2019,156,0.2,73.31,16.23,
2019-06-06,2019,157,0.07,74.53,15.85,
2019-06-07,2019,158,0.0,73.42,15.57,
2019-06-08,2019,159,0.0,71.75,15.22,
2019-06-09,2019,160,0.0,73.5,15.58,
2019-06-10,2019,161,0.0,71.57,15.32,
2019-06-11,2019,162,0.0,69.39,14.75,
2019-06-12,2019,163,0.0,69.43,15.1,
2019-06-13,2019,164,0.0,70.12,15.15,
2019-06-14,2019,165,0.0,70.67,15.35,
2019-06-15,2019,166,0.0,70.18,14.88,
2019-06-16,2019,167,0.0,62.67,12.99,
2019-06-17,2019,168,0.02,61.59,13.02,
2019-06-18,2019,169,0.57,64.55,13.97,
2019-06-19,2019,170,3.68,75.79,16.16,
2019-06-20,2019,171,0.58,71.94,15.44,
2019-06-21,2019,172,0.04,65.34,14.27,
2019-06-22,2019,173,0.0,65.22,13.45,
2019-06-23,2019,174,0.0,59.59,11.38,
2019-06-24,2019,175,0.0,59.89,12.67,
2019-06-25,2019,176,0.0,67.69,14.33,
2019-06-26,2019,177,0.0,62.84,13.73,
2019-06-27,2019,178,0.0,60.81,13.14,
2019-06-28,2019,179,0.0,61.76,13.66,
2019-06-29,2019,180,0.0,58.07,12.86,
2019-06-30,2019,181,0.0,56.95,12.39,
2019-07-01,2019,182,0.0,54.32,12.56,
2019-07-02,2019,183,0.0,54.51,12.65,
2019-07-03,2019,184,0.0,65.85,14.56,
2019-07-04,2019,185,0.9,68.11,15.42,
2019-07-05,2019,186,0.05,61.9,14.94,
2019-07-06,2019,187,5.97,65.94,15.47,
2019-07-07,2019,188,4.19,72.82,15.82,
2019-07-08,2019,189,2.17,69.76,15.03,
2019-07-09,2019,190,0.46,71.18,14.59,
2019-07-10,2019,191,0.0,62.22,12.79,
2019-07-11,2019,192,0.02,61.15,13.17,
2019-07-12,2019,193,0.21,64.27,14.38,
2019-07-13,2019,194,0.83,63.72,14.19,
2019-07-14,2019,195,0.07,61.08,13.6,
2019-07-15,2019,196,0.0,58.61,13.53,
2019-07-16,2019,197,0.21,53.29,12.87,
2019-07-17,2019,198,0.04,62.32,14.15,
2019-07-18,2019,199,0.02,64.44,14.01,
2019-07-19,2019,200,0.0,53.18,11.45,
2019-07-20,2019,201,0.13,47.73,10.99,
2019-07-21,2019,202,0.03,49.43,11.3,
2019-07-22,2019,203,0.0,46.32,10.79,
2019-07-23,2019,204,0.0,42.66,9.68,
2019-07-24,2019,205,0.0,46.03,10.91,
2019-07-25,2019,206,0.0,41.86,9.99,
2019-07-26,2019,207,0.0,40.77,9.5,
2019-07-27,2019,208,0.0,40.75,9.22,
2019-07-28,2019,209,0.08,41.85,10.19,
2019-07-29,2019,210,0.01,41.34,10.64,
2019-07-30,2019,211,0.0,37.73,9.51,
2019-07-31,2019,212,0.0,36.57,8.91,
2019-08-01,2019,213,0.0,45.4,11.7,
2019-08-02,2019,214,0.0,46.57,12.38,
2019-08-03,2019,215,0.0,35.36,9.42,
2019-08-04,2019,216,0.01,32.13,8.65,
2019-08-05,2019,217,0.5,39.96,10.39,
2019-08-06,2019,218,0.02,38.61,10.28,
2019-08-07,2019,219,0.0,35.75,9.19,
2019-08-08,2019,220,0.0,36.27,9.38,
2019-08-09,2019,221,0.0,34.64,9.0,
2019-08-10,2019,222,0.0,33.01,8.01,
2019-08-11,2019,223,0.0,32.31,7.93,
2019-08-12,2019,224,0.0,38.32,10.3,
2019-08-13,2019,225,0.0,34.14,9.72,
2019-08-14,2019,226,0.0,34.39,9.46,
2019-08-15,2019,227,0.0,38.1,10.81,
2019-08-16,2019,228,0.0,34.11,9.13,
2019-08-17,2019,229,0.0,32.54,7.83,
2019-08-18,2019,230,0.0,36.76,9.58,
2019-08-19,2019,231,0.0,32.62,8.87,
2019-08-20,2019,232,0.0,34.61,9.82,
2019-08-21,2019,233,2.43,46.73,12.67,
2019-08-22,2019,234,7.85,61.12,15.23,
2019-08-23,2019,235,0.74,63.24,14.71,
2019-08-24,2019,236,0.01,47.97,11.99,
2019-08-25,2019,237,0.67,48.75,11.83,
2019-08-26,2019,238,0.0,40.98,9.95,
2019-08-27,2019,239,0.0,36.18,9.09,
2019-08-28,2019,240,0.0,36.77,9.71,
2019-08-29,2019,241,0.0,35.76,9.55,
2019-08-30,2019,242,0.0,43.51,11.44,
2019-08-31,2019,243,0.0,42.38,11.93,
2019-09-01,2019,244,0.01,45.12,12.53,
2019-09-02,2019,245,0.36,49.57,13.11,
2019-09-03,2019,246,0.95,53.15,13.93,
2019-09-04,2019,247,0.83,50.06,14.1,
2019-09-05,2019,248,0.94,49.54,14.12,
2019-09-06,2019,249,2.68,52.33,14.11,
2019-09-07,2019,250,0.14,38.41,10.2,
2019-09-08,2019,251,0.0,32.09,8.67,
2019-09-09,2019,252,0.59,36.64,10.55,
2019-09-10,2019,253,0.01,37.8,10.92,
2019-09-11,2019,254,0.0,31.96,9.44,
2019-09-12,2019,255,0.0,40.12,11.79,
2019-09-13,2019,256,0.41,42.13,12.78,
2019-09-14,2019,257,1.06,50.57,14.65,
2019-09-15,2019,258,1.93,50.81,14.53,
2019-09-16,2019,259,0.37,47.52,13.64,
2019-09-17,2019,260,0.73,46.33,13.38,
2019-09-18,2019,261,0.07,41.68,12.64,
2019-09-19,2019,262,0.0,45.32,13.91,
2019-09-20,2019,263,0.0,43.15,13.31,
2019-09-21,2019,264,0.0,42.11,13.07,
2019-09-22,2019,265,1.25,43.55,12.84,
2019-09-23,2019,266,1.08,47.32,13.81,
2019-09-24,2019,267,0.1,45.11,13.19,
2019-09-25,2019,268,0.03,39.59,11.8,
2019-09-26,2019,269,0.14,48.15,13.16,
2019-09-27,2019,270,1.26,43.76,12.59,
2019-09-28,2019,271,1.25,47.96,14.15,
2019-09-29,2019,272,1.13,59.23,15.27,
2019-09-30,2019,273,1.88,60.44,15.81,
2019-10-01,2019,274,7.02,60.82,15.93,
2019-10-02,2019,275,15.4,84.03,17.93,
2019-10-03,2019,276,2.86,70.57,16.42,
2019-10-04,2019,277,0.47,67.69,16.32,
2019-10-05,2019,278,1.5,71.17,16.24,
2019-10-06,2019,279,2.16,69.89,16.32,
2019-10-07,2019,280,0.7,66.89,16.52,
2019-10-08,2019,281,0.37,59.34,15.64,
2019-10-09,2019,282,2.88,63.23,16.18,
2019-10-10,2019,283,2.2,60.1,15.01,
2019-10-11,2019,284,3.3,60.67,15.39,
2019-10-12,2019,285,1.26,60.29,15.79,
2019-10-13,2019,286,6.9,65.94,16.25,
2019-10-14,2019,287,1.04,64.04,16.02,
2019-10-15,2019,288,2.19,72.1,16.97,
2019-10-16,2019,289,1.87,80.21,17.3,
2019-10-17,2019,290,0.42,70.35,16.34,
2019-10-18,2019,291,0.53,68.22,16.4,
2019-10-19,2019,292,0.27,64.24,16.13,
2019-10-20,2019,293,0.0,66.81,15.81,
2019-10-21,2019,294,1.86,67.72,15.82,
2019-10-22,2019,295,1.28,68.44,15.93,
2019-10-23,2019,296,4.7,69.18,16.55,
2019-10-24,2019,297,5.42,67.39,16.61,
2019-10-25,2019,298,0.0,63.48,16.41,
2019-10-26,2019,299,1.75,65.26,16.44,
2019-10-27,2019,300,1.17,70.06,16.98,
2019-10-28,2019,301,0.29,60.16,16.16,
2019-10-29,2019,302,0.3,60.15,15.72,
2019-10-30,2019,303,0.51,61.58,15.74,
2019-10-31,2019,304,0.1,62.17,15.37,
2019-11-01,2019,305,0.0,56.03,14.7,
2019-11-02,2019,306,1.31,54.44,14.54,
2019-11-03,2019,307,1.85,59.61,15.83,
2019-11-04,2019,308,0.07,60.26,15.44,
2019-11-05,2019,309,0.01,56.77,15.18,
2019-11-06,2019,310,0.95,55.95,14.73,
2019-11-07,2019,311,0.31,56.73,15.17,
2019-11-08,2019,312,6.69,57.13,15.46,
2019-11-09,2019,313,5.57,76.93,17.08,
2019-11-10,2019,314,0.83,71.97,16.92,
2019-11-11,2019,315,0.12,69.81,16.78,
2019-11-12,2019,316,2.96,67.68,16.79,
2019-11-13,2019,317,4.7,66.41,16.61,
2019-11-14,2019,318,2.46,66.65,17.02,
2019-11-15,2019,319,0.8,66.64,16.55,
2019-11-16,2019,320,3.52,64.1,16.4,
2019-11-17,2019,321,3.96,76.03,17.66,
2019-11-18,2019,322,5.78,78.68,16.19,
2019-11-19,2019,323,0.44,72.1,16.19,
2019-11-20,2019,324,0.05,65.75,15.77,
2019-11-21,2019,325,4.74,79.36,17.47,
2019-11-22,2019,326,4.64,74.86,16.43,
2019-11-23,2019,327,6.04,83.29,17.0,
2019-11-24,2019,328,0.01,67.01,15.97,
2019-11-25,2019,329,18.53,72.53,17.74,
2019-11-26,2019,330,12.71,83.12,18.75,
2019-11-27,2019,331,0.78,76.28,18.01,
2019-11-28,2019,332,1.69,82.82,18.44,
2019-11-29,2019,333,0.72,70.16,17.09,
2019-11-30,2019,334,9.45,72.1,17.73,
2019-12-01,2019,335,7.67,72.67,17.57,
2019-12-02,2019,336,0.43,65.19,16.33,
2019-12-03,2019,337,0.0,60.29,15.89,
2019-12-04,2019,338,3.79,65.19,16.75,
2019-12-05,2019,339,2.79,75.53,17.67,
2019-12-06,2019,340,3.64,74.25,17.35,
2019-12-07,2019,341,0.66,68.01,17.1,
2019-12-08,2019,342,0.27,65.58,16.63,
2019-12-09,2019,343,2.19,69.76,16.77,
2019-12-10,2019,344,3.26,75.28,16.64,
2019-12-11,2019,345,1.45,68.28,15.92,
2019-12-12,2019,346,5.72,76.21,16.86,
2019-12-13,2019,347,6.08,80.42,17.16,
2019-12-14,2019,348,5.76,77.76,17.34,
2019-12-15,2019,349,0.64,72.23,17.16,
2019-12-16,2019,350,0.17,67.94,16.64,
2019-12-17,2019,351,0.21,66.91,16.21,
2019-12-18,2019,352,3.16,75.43,16.91,
2019-12-19,2019,353,0.91,75.02,17.39,
2019-12-20,2019,354,0.35,67.58,16.78,
2019-12-21,2019,355,0.42,68.63,16.88,
2019-12-22,2019,356,0.93,68.55,17.08,
2019-12-23,2019,357,0.46,71.53,17.45,
2019-12-24,2019,358,0.71,67.83,17.25,
2019-12-25,2019,359,3.66,79.5,18.06,
2019-12-26,2019,360,3.36,77.68,17.82,
2019-12-27,2019,361,1.85,75.12,17.34,
2019-12-28,2019,362,4.42,83.46,17.34,
2019-12-29,2019,363,1.86,69.83,15.44,
2019-12-30,2019,364,1.04,71.85,16.46,
2019-12-31,2019,365,13.57,89.14,17.45,
2020-01-01,2020,1,2.23,79.13,16.52,
2020-01-02,2020,2,4.64,78.34,17.17,
2020-01-03,2020,3,5.69,92.32,18.04,
2020-01-04,2020,4,3.97,82.63,17.24,
2020-01-05,2020,5,8.06,86.95,17.67,
2020-01-06,2020,6,7.13,80.72,16.86,
2020-01-07,2020,7,3.96,83.44,17.36,
2020-01-08,2020,8,3.55,83.14,17.04,
2020-01-09,2020,9,1.06,79.83,16.94,
2020-01-10,2020,10,3.0,76.99,16.95,
2020-01-11,2020,11,7.13,81.24,17.45,
2020-01-12,2020,12,2.59,88.32,16.33,
2020-01-13,2020,13,5.92,79.58,16.84,
2020-01-14,2020,14,4.63,88.14,17.78,
2020-01-15,2020,15,1.65,82.6,17.32,
2020-01-16,2020,16,1.15,78.54,17.55,
2020-01-17,2020,17,1.35,77.87,17.4,
2020-01-18,2020,18,1.91,83.37,18.14,
2020-01-19,2020,19,2.54,79.03,17.85,
2020-01-20,2020,20,5.51,80.67,17.76,
2020-01-21,2020,21,1.43,77.51,16.99,
2020-01-22,2020,22,3.06,79.94,16.72,
2020-01-23,2020,23,6.38,87.1,17.77,
2020-01-24,2020,24,2.92,84.63,17.77,
2020-01-25,2020,25,3.11,80.75,17.91,
2020-01-26,2020,26,4.71,84.2,17.72,
2020-01-27,2020,27,4.05,86.69,17.19,
2020-01-28,2020,28,3.35,81.07,16.31,
2020-01-29,2020,29,2.38,83.78,17.35,
2020-01-30,2020,30,4.98,80.45,17.66,
2020-01-31,2020,31,0.79,74.08,16.92,
2020-02-01,2020,32,0.08,74.72,17.08,
2020-02-02,2020,33,3.02,77.3,17.32,
2020-02-03,2020,34,6.69,87.89,18.19,
2020-02-04,2020,35,36.49,87.42,18.0,
2020-02-05,2020,36,14.59,87.06,17.61,
2020-02-06,2020,37,2.33,84.02,16.76,
2020-02-07,2020,38,12.62,86.32,17.51,
2020-02-08,2020,39,16.61,92.5,16.8,
2020-02-09,2020,40,2.41,85.69,16.55,
2020-02-10,2020,41,2.54,81.1,17.32,
2020-02-11,2020,42,3.27,83.22,18.05,
2020-02-12,2020,43,3.7,86.43,18.57,
2020-02-13,2020,44,1.23,82.6,17.57,
2020-02-14,2020,45,2.45,79.53,17.87,
2020-02-15,2020,46,7.61,89.59,18.48,
2020-02-16,2020,47,4.92,86.16,17.74,
2020-02-17,2020,48,2.05,85.34,18.35,
2020-02-18,2020,49,0.08,84.65,18.52,
2020-02-19,2020,50,10.86,91.63,18.45,
2020-02-20,2020,51,4.63,87.74,17.29,
2020-02-21,2020,52,13.63,87.26,17.83,
2020-02-22,2020,53,1.04,87.61,17.6,
2020-02-23,2020,54,1.0,85.38,17.66,
2020-02-24,2020,55,5.52,83.01,18.32,
2020-02-25,2020,56,16.54,90.16,19.24,
2020-02-26,2020,57,2.02,88.28,18.34,
2020-02-27,2020,58,2.02,89.88,18.26,
2020-02-28,2020,59,1.47,87.72,18.1,
2020-02-29,2020,60,1.96,86.73,18.42,
2020-03-01,2020,61,3.0,87.34,18.19,
2020-03-02,2020,62,37.46,86.14,18.59,
2020-03-03,2020,63,27.84,91.61,17.86,
2020-03-04,2020,64,2.77,88.04,17.76,
2020-03-05,2020,65,6.61,89.81,18.39,
2020-03-06,2020,66,1.23,87.1,18.3,
2020-03-07,2020,67,2.74,86.8,18.52,
2020-03-08,2020,68,1.83,84.36,17.69,
2020-03-09,2020,69,8.14,85.63,18.28,
2020-03-10,2020,70,4.39,89.35,18.01,
2020-03-11,2020,71,9.25,89.65,18.01,
2020-03-12,2020,72,8.56,84.61,17.83,
2020-03-13,2020,73,10.1,87.41,18.14,
2020-03-14,2020,74,29.35,89.24,18.39,
2020-03-15,2020,75,7.67,89.1,17.62,
2020-03-16,2020,76,1.3,86.55,17.19,
2020-03-17,2020,77,2.63,88.49,17.51,
2020-03-18,2020,78,15.45,84.59,18.27,
2020-03-19,2020,79,34.05,89.75,18.64,
2020-03-20,2020,80,19.06,93.17,17.44,
2020-03-21,2020,81,8.71,89.91,17.6,
2020-03-22,2020,82,2.56,87.86,17.75,
2020-03-23,2020,83,0.55,86.46,17.99,
2020-03-24,2020,84,5.01,91.07,18.56,
2020-03-25,2020,85,7.43,81.74,16.82,
2020-03-26,2020,86,1.66,83.14,17.16,
2020-03-27,2020,87,3.83,83.31,17.53,
2020-03-28,2020,88,1.93,89.01,18.0,
2020-03-29,2020,89,0.04,86.36,18.17,
2020-03-30,2020,90,1.1,86.39,18.53,
2020-03-31,2020,91,2.3,89.74,18.79,
2020-04-01,2020,92,5.69,90.78,18.48,
2020-04-02,2020,93,5.98,87.14,18.23,
2020-04-03,2020,94,3.33,88.01,18.71,
2020-04-04,2020,95,4.32,87.54,18.31,
2020-04-05,2020,96,0.2,85.17,18.78,
2020-04-06,2020,97,1.35,91.64,19.46,
2020-04-07,2020,98,1.92,89.54,19.32,
2020-04-08,2020,99,14.68,89.32,19.12,
2020-04-09,2020,100,1.28,86.23,17.79,
2020-04-10,2020,101,5.38,85.27,18.16,
2020-04-11,2020,102,5.39,88.44,18.34,
2020-04-12,2020,103,19.59,87.72,18.16,
2020-04-13,2020,104,2.67,87.39,18.27,
2020-04-14,2020,105,32.84,95.13,17.61,
2020-04-15,2020,106,6.32,91.19,16.17,
2020-04-16,2020,107,15.13,85.54,17.21,
2020-04-17,2020,108,20.11,89.28,17.96,
2020-04-18,2020,109,2.72,88.16,17.47,
2020-04-19,2020,110,14.37,85.33,17.95,
2020-04-20,2020,111,8.24,92.16,18.58,
2020-04-21,2020,112,2.71,88.8,18.35,
2020-04-22,2020,113,1.64,87.7,18.25,
2020-04-23,2020,114,3.28,88.29,17.93,
2020-04-24,2020,115,3.47,87.51,17.83,
2020-04-25,2020,116,8.46,90.56,18.06,
2020-04-26,2020,117,1.48,89.33,17.64,
2020-04-27,2020,118,3.31,88.19,18.07,
2020-04-28,2020,119,1.61,90.87,18.21,
2020-04-29,2020,120,0.22,87.21,17.62,
2020-04-30,2020,121,0.15,86.2,17.78,
2020-05-01,2020,122,5.23,87.02,18.41,
2020-05-02,2020,123,2.44,91.1,18.51,
2020-05-03,2020,124,2.67,87.22,18.63,
2020-05-04,2020,125,2.2,90.54,19.02,
2020-05-05,2020,126,1.03,90.9,18.75,
2020-05-06,2020,127,0.05,86.78,18.43,
2020-05-07,2020,128,0.36,86.91,18.73,
2020-05-08,2020,129,0.21,88.06,18.63,
2020-05-09,2020,130,4.1,91.42,18.52,
2020-05-10,2020,131,1.34,89.53,18.45,
2020-05-11,2020,132,0.12,86.87,18.01,
2020-05-12,2020,133,0.01,85.86,17.86,
2020-05-13,2020,134,0.06,83.77,18.13,
2020-05-14,2020,135,1.74,85.05,18.43,
2020-05-15,2020,136,20.72,92.14,18.87,
2020-05-16,2020,137,5.02,91.46,18.3,
2020-05-17,2020,138,3.3,89.18,18.25,
2020-05-18,2020,139,24.09,90.21,18.54,
2020-05-19,2020,140,16.17,89.58,18.55,
2020-05-20,2020,141,0.68,89.36,18.54,
2020-05-21,2020,142,0.22,89.13,17.83,
2020-05-22,2020,143,0.24,87.71,18.36,
2020-05-23,2020,144,4.27,87.11,18.89,
2020-05-24,2020,145,4.42,85.77,18.43,
2020-05-25,2020,146,10.41,88.7,18.25,
2020-05-26,2020,147,5.99,82.89,16.7,
2020-05-27,2020,148,4.58,85.81,17.52,
2020-05-28,2020,149,13.0,89.53,18.32,
2020-05-29,2020,150,5.85,91.35,18.47,
2020-05-30,2020,151,1.31,90.65,18.12,
2020-05-31,2020,152,0.02,85.99,17.23,
2020-06-01,2020,153,0.33,84.45,17.06,
2020-06-02,2020,154,3.75,88.09,17.81,
2020-06-03,2020,155,0.9,88.15,17.92,
2020-06-04,2020,156,4.04,89.6,18.41,
2020-06-05,2020,157,2.81,88.25,18.54,
2020-06-06,2020,158,0.37,87.34,18.23,
2020-06-07,2020,159,0.0,83.82,17.05,
2020-06-08,2020,160,0.58,84.45,17.01,
2020-06-09,2020,161,0.26,85.45,17.08,
2020-06-10,2020,162,0.07,84.3,17.42,
2020-06-11,2020,163,0.24,87.6,17.55,
2020-06-12,2020,164,0.05,86.18,17.13,
2020-06-13,2020,165,0.0,88.76,16.81,
2020-06-14,2020,166,0.05,83.61,15.75,
2020-06-15,2020,167,2.06,82.3,16.44,
2020-06-16,2020,168,0.14,84.76,15.95,
2020-06-17,2020,169,0.0,82.01,15.78,
2020-06-18,2020,170,0.0,81.3,15.16,
2020-06-19,2020,171,0.0,82.08,14.22,
2020-06-20,2020,172,0.0,83.57,15.74,
2020-06-21,2020,173,0.0,80.09,15.31,
2020-06-22,2020,174,0.0,80.12,14.46,
2020-06-23,2020,175,0.11,79.84,15.03,
2020-06-24,2020,176,2.33,80.49,16.04,
2020-06-25,2020,177,0.02,80.6,15.63,
2020-06-26,2020,178,0.0,75.4,14.47,
2020-06-27,2020,179,0.05,77.31,15.97,
2020-06-28,2020,180,0.01,74.57,14.74,
2020-06-29,2020,181,0.06,74.04,14.96,
2020-06-30,2020,182,0.02,74.56,15.38,
2020-07-01,2020,183,0.0,73.82,14.84,
2020-07-02,2020,184,0.0,73.15,14.92,
2020-07-03,2020,185,0.0,70.21,15.02,
2020-07-04,2020,186,0.0,70.01,14.68,
2020-07-05,2020,187,0.0,69.43,14.66,
2020-07-06,2020,188,0.0,68.51,13.66,
2020-07-07,2020,189,0.06,66.29,14.2,
2020-07-08,2020,190,0.02,70.96,14.99,
2020-07-09,2020,191,0.0,66.04,13.56,
2020-07-10,2020,192,0.04,63.44,13.47,
2020-07-11,2020,193,0.89,76.04,16.15,
2020-07-12,2020,194,0.11,68.2,14.67,
2020-07-13,2020,195,0.0,59.43,12.77,
2020-07-14,2020,196,0.01,59.71,12.76,
2020-07-15,2020,197,0.0,58.32,13.13,
2020-07-16,2020,198,0.0,62.39,14.04,
2020-07-17,2020,199,0.09,59.94,13.03,
2020-07-18,2020,200,0.12,57.26,11.77,
2020-07-19,2020,201,0.0,60.71,12.24,
2020-07-20,2020,202,0.0,56.93,11.6,
2020-07-21,2020,203,0.0,57.95,12.15,
2020-07-22,2020,204,0.0,57.21,12.42,
2020-07-23,2020,205,0.0,60.24,13.17,
2020-07-24,2020,206,0.0,60.07,13.42,
2020-07-25,2020,207,0.0,54.2,11.35,
2020-07-26,2020,208,0.0,51.84,10.43,
2020-07-27,2020,209,0.0,50.72,10.0,
2020-07-28,2020,210,0.0,48.29,9.32,
2020-07-29,2020,211,0.0,48.4,10.96,
2020-07-30,2020,212,0.0,46.85,10.69,
2020-07-31,2020,213,0.0,44.81,9.86,
2020-08-01,2020,214,0.0,45.67,9.36,
2020-08-02,2020,215,0.0,47.78,10.5,
2020-08-03,2020,216,0.0,49.49,11.47,
2020-08-04,2020,217,0.0,48.42,11.24,
2020-08-05,2020,218,0.09,48.46,10.38,
2020-08-06,2020,219,0.0,46.53,9.82,
2020-08-07,2020,220,0.0,44.87,9.97,
2020-08-08,2020,221,0.0,42.39,9.39,
2020-08-09,2020,222,0.0,39.6,9.06,
2020-08-10,2020,223,0.0,43.56,10.23,
2020-08-11,2020,224,0.0,45.37,11.88,
2020-08-12,2020,225,0.0,42.6,11.02,
2020-08-13,2020,226,0.0,41.34,10.75,
2020-08-14,2020,227,0.0,43.87,10.9,
2020-08-15,2020,228,0.0,45.78,12.3,
2020-08-16,2020,229,0.0,45.19,12.42,
2020-08-17,2020,230,0.0,38.98,10.7,
2020-08-18,2020,231,0.0,40.39,10.98,
2020-08-19,2020,232,0.0,47.51,12.73,
2020-08-20,2020,233,0.0,40.61,10.74,
2020-08-21,2020,234,0.0,42.07,11.57,
2020-08-22,2020,235,0.04,44.86,12.33,
2020-08-23,2020,236,7.35,51.91,13.96,
2020-08-24,2020,237,10.48,81.51,17.95,
2020-08-25,2020,238,0.57,71.12,16.1,
2020-08-26,2020,239,0.06,63.42,15.38,
2020-08-27,2020,240,0.56,63.86,15.68,
2020-08-28,2020,241,0.14,66.19,16.26,
2020-08-29,2020,242,0.46,62.84,15.49,
2020-08-30,2020,243,1.05,53.97,13.24,
2020-08-31,2020,244,1.54,49.35,12.3,
2020-09-01,2020,245,0.16,43.87,10.39,
2020-09-02,2020,246,0.0,40.94,9.94,
2020-09-03,2020,247,0.0,38.19,9.13,
2020-09-04,2020,248,0.0,36.98,9.32,
2020-09-05,2020,249,0.0,39.1,10.52,
2020-09-06,2020,250,0.0,37.26,10.56,
2020-09-07,2020,251,0.0,33.62,8.73,
2020-09-08,2020,252,0.0,31.28,8.9,
2020-09-09,2020,253,0.0,38.21,11.27,
2020-09-10,2020,254,0.0,34.43,10.18,
2020-09-11,2020,255,0.0,32.69,9.26,
2020-09-12,2020,256,0.0,36.55,10.65,
2020-09-13,2020,257,0.0,31.85,9.06,
2020-09-14,2020,258,0.0,30.71,8.41,
2020-09-15,2020,259,0.0,32.39,9.32,
2020-09-16,2020,260,0.0,30.84,9.28,
2020-09-17,2020,261,0.0,39.88,11.92,
2020-09-18,2020,262,0.07,41.99,12.85,
2020-09-19,2020,263,0.48,50.86,14.29,
2020-09-20,2020,264,0.01,50.5,14.28,
2020-09-21,2020,265,0.34,50.95,14.61,
2020-09-22,2020,266,1.15,61.22,15.58,
2020-09-23,2020,267,0.45,50.65,14.24,
2020-09-24,2020,268,4.62,50.41,14.4,
2020-09-25,2020,269,12.38,79.09,17.77,
2020-09-26,2020,270,1.53,76.42,16.91,
2020-09-27,2020,271,0.32,64.63,14.98,
2020-09-28,2020,272,0.29,63.66,15.69,
2020-09-29,2020,273,1.85,71.05,16.78,
2020-09-30,2020,274,0.84,66.9,16.48,
2020-10-01,2020,275,1.23,64.71,15.79,
2020-10-02,2020,276,0.08,64.86,15.71,
2020-10-03,2020,277,0.09,60.58,15.24,
2020-10-04,2020,278,0.02,66.06,16.39,
2020-10-05,2020,279,0.0,64.19,16.65,
2020-10-06,2020,280,0.0,62.28,15.99,
2020-10-07,2020,281,0.01,56.33,14.79,
2020-10-08,2020,282,0.05,50.59,13.81,
2020-10-09,2020,283,0.17,50.44,14.41,
2020-10-10,2020,284,10.89,59.98,15.85,
2020-10-11,2020,285,17.55,80.57,17.66,
2020-10-12,2020,286,0.25,77.94,17.11,
2020-10-13,2020,287,4.3,73.27,16.85,
2020-10-14,2020,288,1.16,67.33,16.35,
2020-10-15,2020,289,0.0,62.69,15.89,
2020-10-16,2020,290,0.0,63.2,16.28,
2020-10-17,2020,291,0.6,64.38,16.53,
2020-10-18,2020,292,0.1,62.49,16.25,
2020-10-19,2020,293,0.0,61.81,15.79,
2020-10-20,2020,294,0.12,63.96,16.09,
2020-10-21,2020,295,0.02,61.89,16.11,
2020-10-22,2020,296,0.9,60.85,15.98,
2020-10-23,2020,297,1.97,61.06,15.87,
2020-10-24,2020,298,0.77,63.53,15.88,
2020-10-25,2020,299,0.2,64.53,15.36,
2020-10-26,2020,300,0.02,56.88,14.5,
2020-10-27,2020,301,0.13,58.02,14.92,
2020-10-28,2020,302,1.19,57.52,14.99,
2020-10-29,2020,303,1.77,57.82,15.82,
2020-10-30,2020,304,2.69,81.75,17.43,
2020-10-31,2020,305,0.86,66.15,15.38,
2020-11-01,2020,306,1.67,67.31,16.32,
2020-11-02,2020,307,6.91,81.93,17.31,
2020-11-03,2020,308,18.96,87.32,17.74,
2020-11-04,2020,309,5.59,79.96,17.48,
2020-11-05,2020,310,20.05,86.09,18.15,
2020-11-06,2020,311,20.52,88.03,18.08,
2020-11-07,2020,312,2.67,81.49,17.55,
2020-11-08,2020,313,6.51,80.56,18.2,
2020-11-09,2020,314,2.98,80.01,17.93,
2020-11-10,2020,315,17.24,82.15,17.92,
2020-11-11,2020,316,2.68,84.35,17.97,
2020-11-12,2020,317,0.07,79.01,17.28,
2020-11-13,2020,318,0.42,81.63,17.54,
2020-11-14,2020,319,0.11,77.76,17.48,
2020-11-15,2020,320,0.0,81.19,17.75,
2020-11-16,2020,321,0.97,81.47,17.64,
2020-11-17,2020,322,4.41,79.42,17.14,
2020-11-18,2020,323,3.93,84.29,17.63,
2020-11-19,2020,324,30.63,89.78,17.79,
2020-11-20,2020,325,0.43,80.49,16.22,
2020-11-21,2020,326,4.1,82.21,17.37,
2020-11-22,2020,327,54.5,92.35,17.97,
2020-11-23,2020,328,4.73,87.76,17.71,
2020-11-24,2020,329,1.47,86.37,17.97,
2020-11-25,2020,330,0.86,82.16,17.49,
2020-11-26,2020,331,0.15,79.83,16.85,
2020-11-27,2020,332,4.96,83.49,15.57,
2020-11-28,2020,333,0.05,82.69,16.81,
2020-11-29,2020,334,0.02,78.56,17.21,
2020-11-30,2020,335,0.39,77.96,17.13,
2020-12-01,2020,336,0.12,76.74,17.11,
2020-12-02,2020,337,0.48,81.11,17.77,
2020-12-03,2020,338,0.57,86.66,18.13,
2020-12-04,2020,339,0.05,79.04,17.52,
2020-12-05,2020,340,0.72,79.11,17.55,
2020-12-06,2020,341,1.7,86.23,18.18,
2020-12-07,2020,342,0.67,84.36,17.59,
2020-12-08,2020,343,0.86,84.89,17.18,
2020-12-09,2020,344,0.77,82.98,16.8,
2020-12-10,2020,345,0.42,74.88,15.39,
2020-12-11,2020,346,0.31,72.25,16.37,
2020-12-12,2020,347,0.34,71.76,16.51,
2020-12-13,2020,348,1.46,74.97,16.97,
2020-12-14,2020,349,0.99,81.91,17.39,
2020-12-15,2020,350,1.52,80.03,16.79,
2020-12-16,2020,351,0.13,77.66,16.41,
2020-12-17,2020,352,0.67,83.69,17.19,
2020-12-18,2020,353,6.11,80.83,17.1,
2020-12-19,2020,354,11.69,83.28,17.81,
2020-12-20,2020,355,6.2,90.5,17.72,
2020-12-21,2020,356,2.6,85.14,17.39,
2020-12-22,2020,357,3.05,83.58,17.47,
2020-12-23,2020,358,5.8,83.47,17.98,
2020-12-24,2020,359,8.14,87.93,18.14,
2020-12-25,2020,360,6.29,88.83,17.53,
2020-12-26,2020,361,7.72,89.32,15.91,
2020-12-27,2020,362,0.79,78.69,15.67,
2020-12-28,2020,363,2.52,83.39,17.54,
2020-12-29,2020,364,0.57,79.66,17.26,
2020-12-30,2020,365,8.84,81.41,17.71,
2020-12-31,2020,366,2.76,84.35,17.88,
2021-01-01,2021,1,4.91,84.33,17.9,
2021-01-02,2021,2,7.4,86.6,17.93,
2021-01-03,2021,3,9.76,87.18,17.5,
2021-01-04,2021,4,7.67,87.1,17.34,
2021-01-05,2021,5,3.68,86.31,17.5,
2021-01-06,2021,6,0.15,82.0,17.77,
2021-01-07,2021,7,1.21,80.98,17.89,
2021-01-08,2021,8,2.12,85.31,18.01,
2021-01-09,2021,9,2.2,86.32,17.74,
2021-01-10,2021,10,11.35,85.98,17.32,
2021-01-11,2021,11,3.72,88.0,17.29,
2021-01-12,2021,12,4.46,86.44,18.04,
2021-01-13,2021,13,5.26,85.29,17.68,
2021-01-14,2021,14,2.36,88.9,17.71,
2021-01-15,2021,15,4.5,87.97,17.63,
2021-01-16,2021,16,4.41,86.68,17.72,
2021-01-17,2021,17,3.61,84.5,17.74,
2021-01-18,2021,18,10.33,88.78,17.76,
2021-01-19,2021,19,1.8,84.75,16.81,
2021-01-20,2021,20,4.11,91.45,16.15,
2021-01-21,2021,21,0.8,86.74,16.26,
2021-01-22,2021,22,0.8,83.76,17.21,
2021-01-23,2021,23,0.97,84.86,16.96,
2021-01-24,2021,24,0.17,77.96,16.08,
2021-01-25,2021,25,0.05,77.48,16.63,
2021-01-26,2021,26,2.86,85.11,17.38,
2021-01-27,2021,27,4.77,88.23,17.39,
2021-01-28,2021,28,10.06,86.6,17.11,
2021-01-29,2021,29,2.15,84.84,16.72,
2021-01-30,2021,30,2.23,80.97,16.94,
2021-01-31,2021,31,0.66,79.23,17.15,
2021-02-01,2021,32,0.31,77.06,17.21,
2021-02-02,2021,33,0.25,80.65,17.55,
2021-02-03,2021,34,0.11,83.93,17.35,
2021-02-04,2021,35,0.82,74.94,17.03,
2021-02-05,2021,36,2.25,83.76,17.97,
2021-02-06,2021,37,1.83,79.0,16.95,
2021-02-07,2021,38,0.05,73.87,16.16,
2021-02-08,2021,39,13.27,80.63,17.6,
2021-02-09,2021,40,30.06,89.48,17.24,
2021-02-10,2021,41,0.77,87.06,17.05,
2021-02-11,2021,42,1.96,87.88,18.06,
2021-02-12,2021,43,18.23,90.11,17.67,
2021-02-13,2021,44,17.23,90.64,17.74,
2021-02-14,2021,45,6.62,90.57,18.18,
2021-02-15,2021,46,12.78,89.9,17.14,
2021-02-16,2021,47,21.24,87.84,17.61,
2021-02-17,2021,48,44.37,91.49,18.01,
2021-02-18,2021,49,18.25,93.93,17.7,
2021-02-19,2021,50,31.71,92.26,17.54,
2021-02-20,2021,51,25.4,94.2,17.17,
2021-02-21,2021,52,5.91,87.98,17.14,
2021-02-22,2021,53,11.07,88.72,17.55,
2021-02-23,2021,54,8.58,89.28,17.23,
2021-02-24,2021,55,6.3,89.41,17.24,
2021-02-25,2021,56,4.95,88.83,17.4,
2021-02-26,2021,57,25.73,88.71,17.18,
2021-02-27,2021,58,4.42,86.91,16.9,
2021-02-28,2021,59,24.48,86.78,17.07,
2021-03-01,2021,60,32.95,91.14,17.3,
2021-03-02,2021,61,4.88,86.58,16.49,
2021-03-03,2021,62,12.81,88.24,16.81,
2021-03-04,2021,63,0.54,86.45,16.95,
2021-03-05,2021,64,0.25,89.19,16.95,
2021-03-06,2021,65,3.25,90.06,17.66,
2021-03-07,2021,66,1.49,90.08,18.09,
2021-03-08,2021,67,0.46,87.8,17.88,
2021-03-09,2021,68,4.98,94.24,17.95,
2021-03-10,2021,69,2.18,88.02,16.97,
2021-03-11,2021,70,10.66,83.32,17.08,
2021-03-12,2021,71,7.44,91.64,17.48,
2021-03-13,2021,72,21.89,93.47,17.01,
2021-03-14,2021,73,3.15,92.37,16.8,
2021-03-15,2021,74,0.94,86.62,16.83,
2021-03-16,2021,75,0.55,87.97,17.71,
2021-03-17,2021,76,24.47,94.2,18.06,
2021-03-18,2021,77,13.16,92.36,17.33,
2021-03-19,2021,78,11.69,90.23,16.56,
2021-03-20,2021,79,8.88,88.58,16.55,
2021-03-21,2021,80,7.22,89.17,17.4,
2021-03-22,2021,81,1.04,91.38,17.06,
2021-03-23,2021,82,0.94,85.67,17.19,
2021-03-24,2021,83,18.31,86.3,17.93,
2021-03-25,2021,84,15.19,92.6,17.84,
2021-03-26,2021,85,4.24,87.79,17.25,
2021-03-27,2021,86,3.98,89.58,17.12,
2021-03-28,2021,87,4.18,91.55,17.49,
2021-03-29,2021,88,0.38,87.43,17.75,
2021-03-30,2021,89,0.47,89.39,18.07,
2021-03-31,2021,90,4.76,88.74,18.2,
2021-04-01,2021,91,17.3,89.54,17.86,
2021-04-02,2021,92,7.15,88.9,16.99,
2021-04-03,2021,93,1.04,86.89,17.71,
2021-04-04,2021,94,0.46,87.3,18.68,
2021-04-05,2021,95,1.26,89.39,18.65,
2021-04-06,2021,96,2.75,88.03,18.43,
2021-04-07,2021,97,0.22,84.43,18.3,
2021-04-08,2021,98,0.02,84.16,18.1,
2021-04-09,2021,99,0.25,87.46,17.74,
2021-04-10,2021,100,1.01,85.12,17.54,
2021-04-11,2021,101,0.44,83.66,17.1,
2021-04-12,2021,102,0.99,85.12,17.36,
2021-04-13,2021,103,4.6,85.98,17.81,
2021-04-14,2021,104,4.55,92.02,18.44,
2021-04-15,2021,105,8.34,90.29,17.44,
2021-04-16,2021,106,11.01,88.46,17.48,
2021-04-17,2021,107,17.57,91.78,17.75,
2021-04-18,2021,108,29.28,91.03,17.35,
2021-04-19,2021,109,6.62,88.34,16.73,
2021-04-20,2021,110,6.58,92.01,16.97,
2021-04-21,2021,111,8.03,90.37,16.74,
2021-04-22,2021,112,16.37,85.16,16.75,
2021-04-23,2021,113,8.14,85.8,17.6,
2021-04-24,2021,114,5.08,89.65,17.86,
2021-04-25,2021,115,7.64,87.91,17.72,
2021-04-26,2021,116,3.31,85.96,17.45,
2021-04-27,2021,117,2.95,92.84,17.96,
2021-04-28,2021,118,3.13,89.91,18.4,
2021-04-29,2021,119,1.66,89.32,17.39,
2021-04-30,2021,120,3.21,91.13,17.63,
2021-05-01,2021,121,35.68,94.14,17.9,
2021-05-02,2021,122,7.72,90.3,17.54,
2021-05-03,2021,123,0.29,87.54,17.19,
2021-05-04,2021,124,6.23,87.93,17.51,
2021-05-05,2021,125,5.98,89.05,17.0,
2021-05-06,2021,126,0.79,85.48,16.24,
2021-05-07,2021,127,0.49,85.16,16.76,
2021-05-08,2021,128,2.94,87.09,18.09,
2021-05-09,2021,129,0.92,88.36,17.91,
2021-05-10,2021,130,0.15,87.18,17.54,
2021-05-11,2021,131,0.09,87.83,17.53,
2021-05-12,2021,132,0.01,86.65,17.47,
2021-05-13,2021,133,0.0,84.97,16.92,
2021-05-14,2021,134,0.12,85.0,16.92,
2021-05-15,2021,135,5.19,91.32,17.35,
2021-05-16,2021,136,0.65,89.88,18.05,
2021-05-17,2021,137,1.99,89.03,17.3,
2021-05-18,2021,138,0.81,87.26,17.28,
2021-05-19,2021,139,0.27,85.5,17.96,
2021-05-20,2021,140,0.28,87.42,18.37,
2021-05-21,2021,141,0.14,88.03,18.28,
2021-05-22,2021,142,0.02,90.28,18.58,
2021-05-23,2021,143,0.01,86.05,18.57,
2021-05-24,2021,144,0.01,87.66,18.17,
2021-05-25,2021,145,0.0,85.49,17.43,
2021-05-26,2021,146,0.0,85.87,16.96,
2021-05-27,2021,147,0.0,83.26,15.54,
2021-05-28,2021,148,0.0,81.48,16.11,
2021-05-29,2021,149,0.0,84.15,16.72,
2021-05-30,2021,150,0.06,83.45,16.31,
2021-05-31,2021,151,0.02,82.01,15.71,
2021-06-01,2021,152,0.0,81.08,15.96,
2021-06-02,2021,153,0.08,83.43,16.93,
2021-06-03,2021,154,0.74,84.79,17.31,
2021-06-04,2021,155,1.0,84.4,17.64,
2021-06-05,2021,156,0.19,85.46,17.64,
2021-06-06,2021,157,0.0,83.58,17.23,
2021-06-07,2021,158,0.0,81.92,16.59,
2021-06-08,2021,159,0.0,80.33,16.13,
2021-06-09,2021,160,0.6,83.0,16.72,
2021-06-10,2021,161,1.85,83.58,16.93,
2021-06-11,2021,162,0.61,83.14,16.63,
2021-06-12,2021,163,0.0,84.55,16.45,
2021-06-13,2021,164,16.08,82.62,16.76,
2021-06-14,2021,165,7.01,86.1,17.59,
2021-06-15,2021,166,2.74,85.85,17.55,
2021-06-16,2021,167,0.66,83.38,17.04,
2021-06-17,2021,168,0.62,81.97,16.88,
2021-06-18,2021,169,6.55,83.68,17.05,
2021-06-19,2021,170,2.23,86.66,17.46,
2021-06-20,2021,171,0.01,83.62,16.85,
2021-06-21,2021,172,0.0,79.96,15.69,
2021-06-22,2021,173,0.0,79.09,15.68,
2021-06-23,2021,174,1.02,82.72,16.84,
2021-06-24,2021,175,1.84,83.88,17.11,
2021-06-25,2021,176,0.28,83.86,16.72,
2021-06-26,2021,177,0.26,80.04,16.36,
2021-06-27,2021,178,0.01,82.1,16.1,
2021-06-28,2021,179,0.0,74.07,13.53,
2021-06-29,2021,180,0.0,73.52,13.02,
2021-06-30,2021,181,0.0,74.01,13.01,
2021-07-01,2021,182,0.1,70.98,13.09,
2021-07-02,2021,183,3.64,83.1,15.44,
2021-07-03,2021,184,1.35,85.32,15.98,
2021-07-04,2021,185,0.26,78.25,15.0,
2021-07-05,2021,186,0.01,76.88,15.1,
2021-07-06,2021,187,0.0,74.51,15.2,
2021-07-07,2021,188,0.01,72.81,15.12,
2021-07-08,2021,189,0.0,71.41,14.93,
2021-07-09,2021,190,0.0,72.27,15.09,
2021-07-10,2021,191,0.0,71.4,15.13,
2021-07-11,2021,192,0.0,69.39,14.49,
2021-07-12,2021,193,0.0,70.83,15.34,
2021-07-13,2021,194,0.0,69.04,14.29,
2021-07-14,2021,195,0.0,65.44,13.11,
2021-07-15,2021,196,0.0,63.17,13.56,
2021-07-16,2021,197,0.0,75.58,15.66,
2021-07-17,2021,198,0.89,75.08,16.07,
2021-07-18,2021,199,0.15,63.45,13.67,
2021-07-19,2021,200,0.0,54.28,12.31,
2021-07-20,2021,201,4.01,70.81,15.13,
2021-07-21,2021,202,1.28,72.81,15.83,
2021-07-22,2021,203,0.09,66.27,14.5,
2021-07-23,2021,204,0.0,61.11,12.12,
2021-07-24,2021,205,0.0,60.84,12.67,
2021-07-25,2021,206,0.0,60.97,12.58,
2021-07-26,2021,207,0.0,60.78,13.07,
2021-07-27,2021,208,0.1,58.17,12.73,
2021-07-28,2021,209,0.0,54.06,12.29,
2021-07-29,2021,210,0.15,62.54,13.97,
2021-07-30,2021,211,0.21,68.92,14.8,
2021-07-31,2021,212,0.09,72.6,15.83,
2021-08-01,2021,213,0.06,63.76,14.3,
2021-08-02,2021,214,0.02,55.98,12.15,
2021-08-03,2021,215,0.0,50.08,10.79,
2021-08-04,2021,216,0.0,47.26,10.15,
2021-08-05,2021,217,0.0,47.14,9.9,
2021-08-06,2021,218,0.0,44.86,9.42,
2021-08-07,2021,219,0.0,49.31,11.23,
2021-08-08,2021,220,0.0,48.57,11.15,
2021-08-09,2021,221,0.0,44.93,10.42,
2021-08-10,2021,222,0.0,42.79,9.88,
2021-08-11,2021,223,0.0,46.68,11.55,
2021-08-12,2021,224,0.12,56.23,13.77,
2021-08-13,2021,225,0.47,68.58,15.68,
2021-08-14,2021,226,0.07,62.91,14.74,
2021-08-15,2021,227,0.0,48.46,11.24,
2021-08-16,2021,228,0.0,40.29,9.38,
2021-08-17,2021,229,0.0,46.75,10.71,
2021-08-18,2021,230,0.0,41.12,9.53,
2021-08-19,2021,231,0.0,39.79,9.21,
2021-08-20,2021,232,0.0,40.56,9.39,
2021-08-21,2021,233,0.0,51.1,12.53,
2021-08-22,2021,234,0.0,52.09,13.22,
2021-08-23,2021,235,0.0,50.39,12.76,
2021-08-24,2021,236,0.0,51.81,13.07,
2021-08-25,2021,237,0.0,55.02,13.9,
2021-08-26,2021,238,0.07,56.86,14.49,
2021-08-27,2021,239,0.05,53.64,13.95,
2021-08-28,2021,240,0.24,51.56,14.01,
2021-08-29,2021,241,0.19,52.08,14.3,
2021-08-30,2021,242,0.74,54.31,14.37,
2021-08-31,2021,243,5.38,65.94,15.55,
2021-09-01,2021,244,6.19,80.62,16.94,
2021-09-02,2021,245,0.35,65.17,14.45,
2021-09-03,2021,246,0.14,56.91,13.74,
2021-09-04,2021,247,0.03,64.93,14.96,
2021-09-05,2021,248,0.02,66.39,15.53,
2021-09-06,2021,249,0.0,63.53,15.22,
2021-09-07,2021,250,2.55,63.59,15.66,
2021-09-08,2021,251,1.35,70.52,16.7,
2021-09-09,2021,252,0.07,65.04,15.74,
2021-09-10,2021,253,0.13,59.99,15.17,
2021-09-11,2021,254,0.11,55.53,14.41,
2021-09-12,2021,255,0.07,54.97,14.3,
2021-09-13,2021,256,0.05,56.61,14.28,
2021-09-14,2021,257,0.12,55.34,13.73,
2021-09-15,2021,258,5.12,60.71,14.94,
2021-09-16,2021,259,2.88,71.99,16.2,
2021-09-17,2021,260,0.14,67.81,15.72,
2021-09-18,2021,261,0.5,61.62,14.92,
2021-09-19,2021,262,3.95,61.28,15.28,
2021-09-20,2021,263,0.94,62.11,15.78,
2021-09-21,2021,264,0.09,59.17,15.11,
2021-09-22,2021,265,0.0,55.75,14.31,
2021-09-23,2021,266,1.75,59.92,15.37,
2021-09-24,2021,267,8.77,66.13,16.18,
2021-09-25,2021,268,9.07,68.21,16.04,
2021-09-26,2021,269,0.1,65.5,16.07,
2021-09-27,2021,270,0.0,70.61,16.38,
2021-09-28,2021,271,9.59,73.87,16.41,
2021-09-29,2021,272,8.6,76.08,16.69,
2021-09-30,2021,273,4.58,76.94,16.61,
2021-10-01,2021,274,1.77,73.34,16.5,
2021-10-02,2021,275,1.25,74.61,16.56,
2021-10-03,2021,276,0.16,69.81,15.83,
2021-10-04,2021,277,0.31,65.49,15.84,
2021-10-05,2021,278,0.21,64.02,15.9,
2021-10-06,2021,279,1.84,64.2,16.23,
2021-10-07,2021,280,0.53,64.11,15.93,
2021-10-08,2021,281,1.22,62.75,15.5,
2021-10-09,2021,282,1.19,69.69,16.64,
2021-10-10,2021,283,2.0,75.25,17.5,
2021-10-11,2021,284,0.36,72.73,16.88,
2021-10-12,2021,285,2.51,73.72,16.48,
2021-10-13,2021,286,0.94,68.03,16.33,
2021-10-14,2021,287,3.27,79.16,17.67,
2021-10-15,2021,288,3.61,74.04,17.2,
2021-10-16,2021,289,1.87,66.99,16.59,
2021-10-17,2021,290,2.78,66.61,16.87,
2021-10-18,2021,291,5.04,74.41,17.58,
2021-10-19,2021,292,12.84,73.06,17.12,
2021-10-20,2021,293,14.8,79.85,17.83,
2021-10-21,2021,294,19.16,85.18,17.23,
2021-10-22,2021,295,2.48,82.76,16.78,
2021-10-23,2021,296,0.22,81.54,17.45,
2021-10-24,2021,297,0.06,79.32,17.72,
2021-10-25,2021,298,2.86,75.34,17.77,
2021-10-26,2021,299,15.45,77.69,18.15,
2021-10-27,2021,300,7.1,76.53,17.53,
2021-10-28,2021,301,6.11,77.35,17.33,
2021-10-29,2021,302,1.98,73.34,16.38,
2021-10-30,2021,303,0.49,77.49,17.1,
2021-10-31,2021,304,12.35,79.43,17.5,
2021-11-01,2021,305,18.8,88.6,17.56,
2021-11-02,2021,306,2.97,84.24,16.57,
2021-11-03,2021,307,0.26,80.17,17.14,
2021-11-04,2021,308,1.19,85.54,17.76,
2021-11-05,2021,309,7.35,87.32,17.51,
2021-11-06,2021,310,4.01,74.62,15.93,
2021-11-07,2021,311,5.21,83.45,17.66,
2021-11-08,2021,312,6.11,80.94,17.78,
2021-11-09,2021,313,16.41,87.43,17.93,
2021-11-10,2021,314,3.93,87.0,17.35,
2021-11-11,2021,315,0.13,81.81,17.11,
2021-11-12,2021,316,0.3,78.81,17.53,
2021-11-13,2021,317,1.37,78.5,17.66,
2021-11-14,2021,318,15.23,82.46,18.06,
2021-11-15,2021,319,1.53,83.63,18.09,
2021-11-16,2021,320,2.34,83.15,17.98,
2021-11-17,2021,321,0.9,81.52,17.69,
2021-11-18,2021,322,0.41,82.15,16.68,
2021-11-19,2021,323,2.07,74.54,16.43,
2021-11-20,2021,324,2.16,78.83,17.96,
2021-11-21,2021,325,0.4,76.66,17.72,
2021-11-22,2021,326,0.35,76.27,17.7,
2021-11-23,2021,327,0.29,75.09,17.5,
2021-11-24,2021,328,1.32,77.28,17.5,
2021-11-25,2021,329,1.92,86.03,17.8,
2021-11-26,2021,330,9.87,79.34,16.76,
2021-11-27,2021,331,7.94,83.28,17.35,
2021-11-28,2021,332,1.07,82.39,17.92,
2021-11-29,2021,333,3.3,86.12,18.32,
2021-11-30,2021,334,1.74,83.8,17.79,
2021-12-01,2021,335,0.78,79.68,16.96,
2021-12-02,2021,336,2.22,79.36,17.12,
2021-12-03,2021,337,20.05,83.38,17.52,
2021-12-04,2021,338,5.61,83.31,16.8,
2021-12-05,2021,339,3.07,82.3,17.33,
2021-12-06,2021,340,12.96,87.81,17.05,
2021-12-07,2021,341,7.22,82.41,17.56,
2021-12-08,2021,342,6.24,91.65,18.01,
2021-12-09,2021,343,2.79,84.78,17.86,
2021-12-10,2021,344,10.16,89.17,18.99,
2021-12-11,2021,345,11.45,89.02,18.93,
2021-12-12,2021,346,7.88,89.57,18.54,
2021-12-13,2021,347,1.64,84.12,18.17,
2021-12-14,2021,348,5.0,82.84,18.38,
2021-12-15,2021,349,3.2,86.91,18.75,
2021-12-16,2021,350,11.52,89.69,17.58,
2021-12-17,2021,351,1.51,85.74,17.57,
2021-12-18,2021,352,17.01,86.47,18.35,
2021-12-19,2021,353,9.94,91.59,18.44,
2021-12-20,2021,354,2.9,87.57,18.19,
2021-12-21,2021,355,0.93,89.4,18.42,
2021-12-22,2021,356,0.05,84.47,18.21,
2021-12-23,2021,357,3.3,84.97,17.98,
2021-12-24,2021,358,9.29,85.45,18.13,
2021-12-25,2021,359,15.57,92.77,17.94,
2021-12-26,2021,360,8.8,91.0,17.55,
2021-12-27,2021,361,15.75,90.22,16.94,
2021-12-28,2021,362,1.64,87.5,17.15,
2021-12-29,2021,363,1.72,87.32,17.07,
2021-12-30,2021,364,12.62,83.6,17.78,
2021-12-31,2021,365,46.23,93.0,17.71,
2022-01-01,2022,1,1.55,89.02,16.99,
2022-01-02,2022,2,9.21,86.84,17.53,
2022-01-03,2022,3,40.78,90.14,17.77,
2022-01-04,2022,4,0.23,86.43,17.15,
2022-01-05,2022,5,2.21,86.49,17.61,
2022-01-06,2022,6,3.32,92.05,17.35,
2022-01-07,2022,7,1.49,91.2,16.91,
2022-01-08,2022,8,13.56,89.93,16.79,
2022-01-09,2022,9,5.63,88.18,17.25,
2022-01-10,2022,10,2.95,89.76,17.21,
2022-01-11,2022,11,5.48,87.53,17.18,
2022-01-12,2022,12,19.94,93.64,17.4,
2022-01-13,2022,13,0.52,89.2,16.64,
2022-01-14,2022,14,1.3,88.28,16.29,
2022-01-15,2022,15,4.84,86.1,17.1,
2022-01-16,2022,16,4.91,86.02,16.51,
2022-01-17,2022,17,4.39,83.21,17.0,
2022-01-18,2022,18,17.76,88.74,17.62,
2022-01-19,2022,19,2.44,87.84,17.48,
2022-01-20,2022,20,0.1,84.7,17.17,
2022-01-21,2022,21,0.02,80.02,17.45,
2022-01-22,2022,22,1.15,84.99,17.8,
2022-01-23,2022,23,6.15,89.09,18.21,
2022-01-24,2022,24,2.26,89.23,17.48,
2022-01-25,2022,25,1.16,87.7,17.27,
2022-01-26,2022,26,2.47,85.77,16.75,
2022-01-27,2022,27,17.61,85.02,16.99,
2022-01-28,2022,28,8.11,89.71,17.0,
2022-01-29,2022,29,2.24,88.18,16.68,
2022-01-30,2022,30,3.21,89.15,17.04,
2022-01-31,2022,31,15.82,90.04,17.1,
2022-02-01,2022,32,6.73,87.29,17.5,
2022-02-02,2022,33,2.41,92.28,17.71,
2022-02-03,2022,34,0.16,90.84,17.71,
2022-02-04,2022,35,10.85,85.94,17.49,
2022-02-05,2022,36,0.53,87.17,17.86,
2022-02-06,2022,37,5.14,89.12,18.07,
2022-02-07,2022,38,0.88,88.12,18.07,
2022-02-08,2022,39,0.76,85.04,17.89,
2022-02-09,2022,40,7.09,88.81,18.59,
2022-02-10,2022,41,0.77,85.85,17.55,
2022-02-11,2022,42,16.32,85.82,17.21,
2022-02-12,2022,43,26.69,89.82,16.28,
2022-02-13,2022,44,4.56,86.9,16.85,
2022-02-14,2022,45,3.63,86.31,16.95,
2022-02-15,2022,46,16.87,88.67,17.01,
2022-02-16,2022,47,13.13,91.47,17.16,
2022-02-17,2022,48,0.85,86.04,16.73,
2022-02-18,2022,49,1.18,87.07,17.58,
2022-02-19,2022,50,4.77,87.71,17.6,
2022-02-20,2022,51,3.02,86.67,17.28,
2022-02-21,2022,52,3.94,86.19,17.43,
2022-02-22,2022,53,11.96,90.77,18.08,
2022-02-23,2022,54,7.5,89.47,17.96,
2022-02-24,2022,55,5.96,87.99,17.96,
2022-02-25,2022,56,4.45,88.11,18.37,
2022-02-26,2022,57,7.25,91.2,18.42,
2022-02-27,2022,58,7.81,89.95,18.29,
2022-02-28,2022,59,5.15,90.07,18.4,
2022-03-01,2022,60,7.78,88.73,17.34,
2022-03-02,2022,61,1.62,88.53,17.53,
2022-03-03,2022,62,0.48,87.09,17.41,
2022-03-04,2022,63,1.57,82.66,17.11,
2022-03-05,2022,64,11.06,89.16,17.15,
2022-03-06,2022,65,10.91,89.3,16.8,
2022-03-07,2022,66,4.14,85.12,16.87,
2022-03-08,2022,67,15.23,90.99,17.25,
2022-03-09,2022,68,2.75,86.98,17.72,
2022-03-10,2022,69,9.42,89.1,17.61,
2022-03-11,2022,70,5.63,91.18,17.62,
2022-03-12,2022,71,2.67,87.31,17.49,
2022-03-13,2022,72,0.83,86.63,17.79,
2022-03-14,2022,73,6.73,89.42,18.16,
2022-03-15,2022,74,2.7,87.67,17.71,
2022-03-16,2022,75,3.65,92.07,17.48,
2022-03-17,2022,76,8.98,88.58,17.75,
2022-03-18,2022,77,6.31,88.42,17.63,
2022-03-19,2022,78,11.24,91.46,17.45,
2022-03-20,2022,79,4.53,89.79,17.04,
2022-03-21,2022,80,12.03,88.18,18.0,
2022-03-22,2022,81,19.68,92.78,17.43,
2022-03-23,2022,82,4.97,89.87,17.84,
2022-03-24,2022,83,9.43,91.67,17.73,
2022-03-25,2022,84,3.61,84.66,16.9,
2022-03-26,2022,85,21.95,85.69,17.96,
2022-03-27,2022,86,15.71,89.08,18.29,
2022-03-28,2022,87,31.51,91.65,18.16,
2022-03-29,2022,88,7.76,89.88,17.63,
2022-03-30,2022,89,4.66,90.36,17.52,
2022-03-31,2022,90,14.17,92.77,16.54,
2022-04-01,2022,91,6.83,86.79,17.5,
2022-04-02,2022,92,5.18,88.97,18.18,
2022-04-03,2022,93,10.68,90.64,18.38,
2022-04-04,2022,94,5.94,88.63,17.99,
2022-04-05,2022,95,4.05,88.64,18.3,
2022-04-06,2022,96,1.79,88.24,18.49,
2022-04-07,2022,97,2.7,88.09,18.12,
2022-04-08,2022,98,1.25,89.22,18.23,
2022-04-09,2022,99,3.74,88.88,18.36,
2022-04-10,2022,100,4.73,93.51,17.92,
2022-04-11,2022,101,0.2,87.82,17.85,
2022-04-12,2022,102,0.94,90.46,18.3,
2022-04-13,2022,103,0.74,88.63,17.97,
2022-04-14,2022,104,1.55,87.74,18.15,
2022-04-15,2022,105,0.9,88.25,18.24,
2022-04-16,2022,106,0.21,86.33,18.22,
2022-04-17,2022,107,7.24,90.32,18.61,
2022-04-18,2022,108,1.94,91.22,17.89,
2022-04-19,2022,109,4.5,89.3,18.11,
2022-04-20,2022,110,5.14,88.71,18.0,
2022-04-21,2022,111,8.77,87.77,18.31,
2022-04-22,2022,112,2.16,90.32,17.77,
2022-04-23,2022,113,0.8,88.6,17.51,
2022-04-24,2022,114,4.05,89.22,17.65,
2022-04-25,2022,115,0.57,89.11,18.11,
2022-04-26,2022,116,0.24,87.27,17.67,
2022-04-27,2022,117,1.26,88.29,18.09,
2022-04-28,2022,118,0.18,87.8,18.19,
2022-04-29,2022,119,10.15,87.85,18.18,
2022-04-30,2022,120,3.24,89.81,17.67,
2022-05-01,2022,121,1.82,86.98,17.79,
2022-05-02,2022,122,0.4,86.96,18.16,
2022-05-03,2022,123,7.35,89.06,18.56,
2022-05-04,2022,124,9.38,89.34,18.14,
2022-05-05,2022,125,0.93,87.77,18.02,
2022-05-06,2022,126,0.12,86.57,18.33,
2022-05-07,2022,127,0.25,87.98,18.18,
2022-05-08,2022,128,0.33,87.46,17.8,
2022-05-09,2022,129,0.02,85.97,17.6,
2022-05-10,2022,130,0.01,85.41,17.25,
2022-05-11,2022,131,2.95,86.64,17.34,
2022-05-12,2022,132,2.45,88.06,17.94,
2022-05-13,2022,133,3.69,89.38,18.15,
2022-05-14,2022,134,2.32,90.18,18.29,
2022-05-15,2022,135,1.66,92.16,18.45,
2022-05-16,2022,136,0.68,86.63,18.15,
2022-05-17,2022,137,0.03,86.83,18.44,
2022-05-18,2022,138,3.49,91.35,16.96,
2022-05-19,2022,139,0.16,82.82,13.36,
2022-05-20,2022,140,0.03,81.32,13.07,
2022-05-21,2022,141,0.01,79.67,13.27,
2022-05-22,2022,142,0.47,82.72,14.96,
2022-05-23,2022,143,1.72,86.93,16.6,
2022-05-24,2022,144,0.01,89.18,17.21,
2022-05-25,2022,145,0.0,85.75,15.5,
2022-05-26,2022,146,0.0,86.93,16.0,
2022-05-27,2022,147,0.0,87.82,16.83,
2022-05-28,2022,148,0.14,84.86,16.21,
2022-05-29,2022,149,0.03,82.3,15.85,
2022-05-30,2022,150,10.04,86.1,16.81,
2022-05-31,2022,151,7.68,89.93,17.47,
2022-06-01,2022,152,4.42,89.71,18.14,
2022-06-02,2022,153,2.02,86.84,17.65,
2022-06-03,2022,154,0.33,84.44,17.18,
2022-06-04,2022,155,1.57,89.66,17.09,
2022-06-05,2022,156,0.83,86.93,16.57,
2022-06-06,2022,157,0.42,85.75,16.37,
2022-06-07,2022,158,0.13,83.9,16.61,
2022-06-08,2022,159,0.03,82.57,16.59,
2022-06-09,2022,160,0.0,84.76,16.71,
2022-06-10,2022,161,8.75,85.25,16.86,
2022-06-11,2022,162,5.69,86.54,16.74,
2022-06-12,2022,163,6.95,87.43,16.89,
2022-06-13,2022,164,1.07,87.25,16.75,
2022-06-14,2022,165,5.23,90.26,17.65,
2022-06-15,2022,166,1.51,88.99,17.12,
2022-06-16,2022,167,0.42,85.67,16.43,
2022-06-17,2022,168,0.14,84.38,16.46,
2022-06-18,2022,169,0.0,82.81,16.21,
2022-06-19,2022,170,0.0,80.37,15.89,
2022-06-20,2022,171,0.35,80.52,15.8,
2022-06-21,2022,172,0.1,82.08,15.36,
2022-06-22,2022,173,0.08,82.57,15.68,
2022-06-23,2022,174,0.01,80.83,15.3,
2022-06-24,2022,175,0.0,77.94,15.1,
2022-06-25,2022,176,0.0,81.75,16.19,
2022-06-26,2022,177,0.0,74.27,14.06,
2022-06-27,2022,178,0.0,71.74,13.24,
2022-06-28,2022,179,0.0,70.47,13.65,
2022-06-29,2022,180,0.01,75.62,14.7,
2022-06-30,2022,181,0.0,74.56,15.07,
2022-07-01,2022,182,0.1,74.34,14.79,
2022-07-02,2022,183,0.19,76.26,15.46,
2022-07-03,2022,184,0.05,77.6,16.01,
2022-07-04,2022,185,0.0,73.95,14.26,
2022-07-05,2022,186,0.0,70.97,13.9,
2022-07-06,2022,187,0.0,68.15,13.59,
2022-07-07,2022,188,0.03,69.48,14.01,
2022-07-08,2022,189,0.0,71.76,14.57,
2022-07-09,2022,190,0.0,68.53,13.67,
2022-07-10,2022,191,0.0,64.39,12.62,
2022-07-11,2022,192,0.0,66.17,13.31,
2022-07-12,2022,193,0.0,65.06,13.65,
2022-07-13,2022,194,0.01,63.66,13.3,
2022-07-14,2022,195,0.01,68.01,14.49,
2022-07-15,2022,196,0.1,69.43,14.64,
2022-07-16,2022,197,0.02,62.4,12.9,
2022-07-17,2022,198,0.0,55.58,11.27,
2022-07-18,2022,199,0.01,59.34,12.08,
2022-07-19,2022,200,0.01,58.77,12.24,
2022-07-20,2022,201,0.01,54.84,11.59,
2022-07-21,2022,202,0.01,54.19,11.03,
2022-07-22,2022,203,0.01,56.05,11.6,
2022-07-23,2022,204,0.0,56.6,12.35,
2022-07-24,2022,205,0.0,54.73,12.15,
2022-07-25,2022,206,0.0,53.52,12.03,
2022-07-26,2022,207,0.0,56.3,11.47,
2022-07-27,2022,208,0.0,54.49,11.17,
2022-07-28,2022,209,0.21,52.99,11.06,
2022-07-29,2022,210,0.14,54.1,11.95,
2022-07-30,2022,211,0.24,55.79,13.12,
2022-07-31,2022,212,0.74,69.39,15.52,
2022-08-01,2022,213,13.59,74.57,16.17,
2022-08-02,2022,214,1.19,70.55,15.1,
2022-08-03,2022,215,0.0,60.54,12.79,
2022-08-04,2022,216,0.0,64.78,14.47,
2022-08-05,2022,217,0.17,68.09,15.5,
2022-08-06,2022,218,0.32,67.33,15.43,
2022-08-07,2022,219,2.75,69.84,15.74,
2022-08-08,2022,220,0.15,56.57,12.74,
2022-08-09,2022,221,0.0,50.77,11.51,
2022-08-10,2022,222,0.0,50.21,10.97,
2022-08-11,2022,223,0.04,45.33,9.98,
2022-08-12,2022,224,2.42,56.18,12.77,
2022-08-13,2022,225,4.76,69.48,15.7,
2022-08-14,2022,226,0.1,55.5,11.97,
2022-08-15,2022,227,0.0,49.31,10.68,
2022-08-16,2022,228,0.0,48.15,10.4,
2022-08-17,2022,229,0.0,41.41,9.39,
2022-08-18,2022,230,0.01,46.08,10.69,
2022-08-19,2022,231,0.01,46.27,11.14,
2022-08-20,2022,232,0.0,37.34,8.91,
2022-08-21,2022,233,0.0,36.05,8.69,
2022-08-22,2022,234,0.0,38.54,9.55,
2022-08-23,2022,235,0.0,40.92,9.94,
2022-08-24,2022,236,0.11,43.13,11.01,
2022-08-25,2022,237,11.17,51.22,12.35,
2022-08-26,2022,238,0.43,56.34,12.75,
2022-08-27,2022,239,0.0,50.3,11.53,
2022-08-28,2022,240,0.0,46.03,10.56,
2022-08-29,2022,241,0.0,37.09,8.31,
2022-08-30,2022,242,0.03,35.15,8.66,
2022-08-31,2022,243,0.02,39.05,9.81,
2022-09-01,2022,244,0.0,35.73,8.68,
2022-09-02,2022,245,0.0,32.39,7.87,
2022-09-03,2022,246,0.0,31.39,7.97,
2022-09-04,2022,247,0.0,34.92,9.1,
2022-09-05,2022,248,0.17,37.46,10.73,
2022-09-06,2022,249,1.94,43.07,11.61,
2022-09-07,2022,250,0.05,41.31,9.95,
2022-09-08,2022,251,0.85,39.87,10.39,
2022-09-09,2022,252,0.23,42.23,11.42,
2022-09-10,2022,253,0.0,36.33,10.0,
2022-09-11,2022,254,0.0,40.27,11.29,
2022-09-12,2022,255,3.88,45.89,12.29,
2022-09-13,2022,256,5.24,59.66,14.7,
2022-09-14,2022,257,0.01,56.53,14.42,
2022-09-15,2022,258,0.09,50.91,13.06,
2022-09-16,2022,259,7.32,59.5,15.26,
2022-09-17,2022,260,0.33,58.54,15.39,
2022-09-18,2022,261,0.06,56.95,14.71,
2022-09-19,2022,262,0.0,50.75,12.62,
2022-09-20,2022,263,0.0,41.62,10.83,
2022-09-21,2022,264,0.07,49.26,12.99,
2022-09-22,2022,265,0.0,46.67,12.66,
2022-09-23,2022,266,0.36,45.78,12.31,
2022-09-24,2022,267,1.87,45.74,12.59,
2022-09-25,2022,268,1.98,52.02,13.81,
2022-09-26,2022,269,4.65,63.29,15.81,
2022-09-27,2022,270,0.51,61.57,15.01,
2022-09-28,2022,271,0.07,48.21,12.56,
2022-09-29,2022,272,0.0,40.17,10.8,
2022-09-30,2022,273,7.11,53.71,14.4,
2022-10-01,2022,274,2.5,58.24,14.51,
2022-10-02,2022,275,0.03,53.4,13.47,
2022-10-03,2022,276,1.66,53.79,13.54,
2022-10-04,2022,277,0.66,57.04,13.96,
2022-10-05,2022,278,0.07,49.16,13.23,
2022-10-06,2022,279,0.46,49.53,13.73,
2022-10-07,2022,280,0.05,47.68,13.25,
2022-10-08,2022,281,0.03,45.91,13.07,
2022-10-09,2022,282,0.18,44.46,13.19,
2022-10-10,2022,283,0.9,48.58,13.39,
2022-10-11,2022,284,1.23,54.06,14.0,
2022-10-12,2022,285,0.0,39.81,11.47,
2022-10-13,2022,286,0.08,34.49,10.06,
2022-10-14,2022,287,0.46,42.86,12.33,
2022-10-15,2022,288,0.48,51.47,14.47,
2022-10-16,2022,289,12.65,55.19,15.04,
2022-10-17,2022,290,0.89,58.62,15.61,
2022-10-18,2022,291,0.0,56.33,15.45,
2022-10-19,2022,292,0.01,54.28,14.64,
2022-10-20,2022,293,0.01,54.53,14.74,
2022-10-21,2022,294,7.66,56.41,15.23,
2022-10-22,2022,295,20.59,63.7,16.58,
2022-10-23,2022,296,1.18,60.25,16.05,
2022-10-24,2022,297,12.56,78.69,17.92,
2022-10-25,2022,298,5.21,81.35,17.94,
2022-10-26,2022,299,2.63,85.14,17.75,
2022-10-27,2022,300,0.3,75.05,16.6,
2022-10-28,2022,301,0.25,68.54,16.47,
2022-10-29,2022,302,0.03,64.58,16.34,
2022-10-30,2022,303,0.58,76.55,17.69,
2022-10-31,2022,304,0.84,64.3,16.77,
2022-11-01,2022,305,13.0,82.97,17.3,
2022-11-02,2022,306,0.04,70.72,15.54,
2022-11-03,2022,307,0.91,68.6,15.96,
2022-11-04,2022,308,3.07,73.01,16.86,
2022-11-05,2022,309,12.22,86.48,17.4,
2022-11-06,2022,310,4.77,83.26,17.2,
2022-11-07,2022,311,5.4,88.44,17.56,
2022-11-08,2022,312,0.35,85.97,16.87,
2022-11-09,2022,313,0.01,75.16,15.54,
2022-11-10,2022,314,0.01,72.37,15.93,
2022-11-11,2022,315,0.44,69.06,15.83,
2022-11-12,2022,316,2.03,71.4,16.41,
2022-11-13,2022,317,4.15,75.86,17.14,
2022-11-14,2022,318,1.89,77.87,17.55,
2022-11-15,2022,319,1.38,78.41,17.29,
2022-11-16,2022,320,0.54,79.97,17.17,
2022-11-17,2022,321,1.87,72.76,16.39,
2022-11-18,2022,322,0.86,75.56,16.86,
2022-11-19,2022,323,1.71,81.12,16.98,
2022-11-20,2022,324,0.13,71.35,15.38,
2022-11-21,2022,325,0.01,67.07,15.22,
2022-11-22,2022,326,0.01,64.09,15.55,
2022-11-23,2022,327,17.57,77.94,17.24,
2022-11-24,2022,328,3.7,82.78,17.18,
2022-11-25,2022,329,3.56,69.36,15.27,
2022-11-26,2022,330,9.83,79.7,17.26,
2022-11-27,2022,331,2.33,75.21,16.45,
2022-11-28,2022,332,6.92,89.66,17.75,
2022-11-29,2022,333,11.29,89.83,17.5,
2022-11-30,2022,334,6.38,88.02,17.52,
2022-12-01,2022,335,18.83,90.66,17.79,
2022-12-02,2022,336,18.08,86.23,17.68,
2022-12-03,2022,337,4.67,83.58,17.53,
2022-12-04,2022,338,9.64,86.63,17.15,
2022-12-05,2022,339,1.87,84.34,16.87,
2022-12-06,2022,340,2.76,83.36,17.12,
2022-12-07,2022,341,0.15,77.41,16.71,
2022-12-08,2022,342,0.59,76.77,17.26,
2022-12-09,2022,343,4.22,77.14,16.94,
2022-12-10,2022,344,3.42,77.38,17.12,
2022-12-11,2022,345,2.62,80.91,17.56,
2022-12-12,2022,346,2.09,80.22,17.38,
2022-12-13,2022,347,1.51,81.7,17.3,
2022-12-14,2022,348,0.21,78.23,16.73,
2022-12-15,2022,349,3.47,83.54,16.56,
2022-12-16,2022,350,1.75,87.45,17.42,
2022-12-17,2022,351,1.7,88.93,17.9,
2022-12-18,2022,352,1.04,85.09,17.46,
2022-12-19,2022,353,7.18,84.98,16.82,
2022-12-20,2022,354,8.53,85.18,16.92,
2022-12-21,2022,355,0.59,80.7,16.74,
2022-12-22,2022,356,15.68,91.77,17.66,
2022-12-23,2022,357,5.74,86.05,17.29,
2022-12-24,2022,358,9.76,84.91,17.04,
2022-12-25,2022,359,24.5,87.47,17.48,
2022-12-26,2022,360,17.43,90.64,18.23,
2022-12-27,2022,361,16.33,89.41,18.05,
2022-12-28,2022,362,4.02,85.12,16.71,
2022-12-29,2022,363,1.65,82.3,16.69,
2022-12-30,2022,364,1.76,83.75,17.48,
2022-12-31,2022,365,2.57,85.6,17.59,
2023-01-01,2023,1,1.29,84.66,18.07,
2023-01-02,2023,2,1.65,85.16,17.39,
2023-01-03,2023,3,6.55,86.71,18.13,
2023-01-04,2023,4,3.84,83.94,17.7,
2023-01-05,2023,5,6.24,89.63,17.44,
2023-01-06,2023,6,1.29,86.03,16.89,
2023-01-07,2023,7,1.24,83.56,17.15,
2023-01-08,2023,8,2.29,83.13,17.03,
2023-01-09,2023,9,2.69,88.04,17.03,
2023-01-10,2023,10,2.22,87.84,17.06,
2023-01-11,2023,11,2.69,81.96,16.94,
2023-01-12,2023,12,0.14,83.67,17.57,
2023-01-13,2023,13,0.89,86.37,17.54,
2023-01-14,2023,14,7.46,89.38,17.59,
2023-01-15,2023,15,13.44,87.79,17.4,
2023-01-16,2023,16,4.61,87.18,17.09,
2023-01-17,2023,17,1.72,87.22,16.7,
2023-01-18,2023,18,15.11,88.61,16.14,
2023-01-19,2023,19,13.05,90.55,15.31,
2023-01-20,2023,20,0.31,83.62,15.89,
2023-01-21,2023,21,0.49,84.63,17.23,
2023-01-22,2023,22,0.49,85.81,17.37,
2023-01-23,2023,23,1.36,82.88,17.22,
2023-01-24,2023,24,3.86,83.38,17.61,
2023-01-25,2023,25,2.1,85.28,18.1,
2023-01-26,2023,26,2.71,84.42,17.49,
2023-01-27,2023,27,0.87,83.85,17.23,
2023-01-28,2023,28,0.47,86.27,16.37,
2023-01-29,2023,29,1.94,83.89,16.74,
2023-01-30,2023,30,2.96,88.58,16.91,
2023-01-31,2023,31,7.05,82.9,16.89,
2023-02-01,2023,32,10.52,90.04,16.96,
2023-02-02,2023,33,0.98,86.95,16.44,
2023-02-03,2023,34,2.95,86.87,16.98,
2023-02-04,2023,35,2.47,85.45,17.44,
2023-02-05,2023,36,0.08,81.71,17.43,
2023-02-06,2023,37,0.42,84.23,17.39,
2023-02-07,2023,38,13.71,85.15,17.32,
2023-02-08,2023,39,1.37,85.49,17.1,
2023-02-09,2023,40,1.03,81.76,17.01,
2023-02-10,2023,41,0.9,79.55,17.42,
2023-02-11,2023,42,9.01,83.85,18.5,
2023-02-12,2023,43,1.12,85.08,18.26,
2023-02-13,2023,44,0.32,81.91,18.06,
2023-02-14,2023,45,0.69,86.11,18.23,
2023-02-15,2023,46,0.49,83.61,17.78,
2023-02-16,2023,47,0.34,80.8,17.1,
2023-02-17,2023,48,1.69,81.75,16.64,
2023-02-18,2023,49,16.98,85.24,17.55,
2023-02-19,2023,50,12.96,88.27,17.24,
2023-02-20,2023,51,6.75,87.62,17.21,
2023-02-21,2023,52,5.97,86.64,17.22,
2023-02-22,2023,53,29.45,86.69,17.01,
2023-02-23,2023,54,0.83,86.03,17.04,
2023-02-24,2023,55,3.04,83.76,17.54,
2023-02-25,2023,56,6.62,89.94,17.25,
2023-02-26,2023,57,2.11,85.02,16.95,
2023-02-27,2023,58,1.28,87.94,17.58,
2023-02-28,2023,59,2.55,89.2,17.71,
2023-03-01,2023,60,2.2,87.4,18.09,
2023-03-02,2023,61,1.11,86.63,18.09,
2023-03-03,2023,62,0.28,85.64,17.99,
2023-03-04,2023,63,1.66,85.28,17.11,
2023-03-05,2023,64,8.67,81.72,17.11,
2023-03-06,2023,65,9.52,87.4,18.36,
2023-03-07,2023,66,6.23,88.39,18.23,
2023-03-08,2023,67,22.87,90.91,18.17,
2023-03-09,2023,68,13.0,85.32,17.97,
2023-03-10,2023,69,7.62,89.61,17.03,
2023-03-11,2023,70,9.21,86.63,17.22,
2023-03-12,2023,71,22.92,89.77,18.59,
2023-03-13,2023,72,42.22,95.26,17.63,
2023-03-14,2023,73,21.17,87.44,17.63,
2023-03-15,2023,74,23.15,89.4,17.46,
2023-03-16,2023,75,13.69,85.99,17.26,
2023-03-17,2023,76,15.72,94.38,17.01,
2023-03-18,2023,77,6.35,88.45,16.37,
2023-03-19,2023,78,5.79,86.13,15.95,
2023-03-20,2023,79,7.27,85.93,16.33,
2023-03-21,2023,80,12.01,86.61,16.5,
2023-03-22,2023,81,5.71,86.94,16.77,
2023-03-23,2023,82,9.02,91.71,17.12,
2023-03-24,2023,83,17.19,91.05,15.69,
2023-03-25,2023,84,3.7,86.17,16.67,
2023-03-26,2023,85,6.35,86.79,17.76,
2023-03-27,2023,86,5.76,88.4,17.78,
2023-03-28,2023,87,8.55,89.15,17.46,
2023-03-29,2023,88,5.64,91.17,16.74,
2023-03-30,2023,89,7.2,87.14,17.35,
2023-03-31,2023,90,7.36,93.01,17.74,
2023-04-01,2023,91,3.0,87.73,16.64,
2023-04-02,2023,92,0.57,87.78,17.14,
2023-04-03,2023,93,0.52,84.75,16.14,
2023-04-04,2023,94,0.16,86.53,17.0,
2023-04-05,2023,95,1.14,84.99,17.15,
2023-04-06,2023,96,10.74,88.92,18.04,
2023-04-07,2023,97,9.33,92.35,17.58,
2023-04-08,2023,98,0.8,88.34,17.01,
2023-04-09,2023,99,2.09,88.08,17.41,
2023-04-10,2023,100,3.03,86.33,18.02,
2023-04-11,2023,101,0.64,89.7,17.5,
2023-04-12,2023,102,0.06,87.34,17.84,
2023-04-13,2023,103,1.36,89.29,18.31,
2023-04-14,2023,104,0.93,89.23,17.91,
2023-04-15,2023,105,2.89,88.04,18.63,
2023-04-16,2023,106,24.19,93.67,18.64,
2023-04-17,2023,107,2.58,88.67,18.43,
2023-04-18,2023,108,4.31,93.23,17.8,
2023-04-19,2023,109,0.86,87.75,17.34,
2023-04-20,2023,110,0.24,87.26,17.77,
2023-04-21,2023,111,0.3,88.3,18.0,
2023-04-22,2023,112,0.46,90.07,18.3,
2023-04-23,2023,113,0.53,87.67,17.87,
2023-04-24,2023,114,0.15,87.63,17.85,
2023-04-25,2023,115,0.0,89.31,17.31,
2023-04-26,2023,116,0.01,82.66,17.03,
2023-04-27,2023,117,5.63,88.79,18.15,
2023-04-28,2023,118,3.14,86.99,18.0,
2023-04-29,2023,119,2.53,91.08,18.18,
2023-04-30,2023,120,12.4,88.3,18.33,
2023-05-01,2023,121,15.18,89.71,17.95,
2023-05-02,2023,122,2.04,89.93,17.64,
2023-05-03,2023,123,12.13,88.33,17.51,
2023-05-04,2023,124,5.02,87.14,17.36,
2023-05-05,2023,125,1.13,89.98,17.93,
2023-05-06,2023,126,1.86,90.65,18.96,
2023-05-07,2023,127,1.55,90.78,18.62,
2023-05-08,2023,128,1.32,88.75,18.35,
2023-05-09,2023,129,0.47,87.28,18.3,
2023-05-10,2023,130,1.09,87.07,18.27,
2023-05-11,2023,131,3.27,89.18,18.41,
2023-05-12,2023,132,3.12,89.78,18.34,
2023-05-13,2023,133,4.18,89.97,19.04,
2023-05-14,2023,134,2.46,89.32,18.22,
2023-05-15,2023,135,6.17,91.77,18.88,
2023-05-16,2023,136,14.68,90.88,18.89,
2023-05-17,2023,137,6.94,91.1,18.99,
2023-05-18,2023,138,3.97,92.56,18.58,
2023-05-19,2023,139,1.43,88.16,18.23,
2023-05-20,2023,140,0.38,87.55,18.31,
2023-05-21,2023,141,0.23,86.96,18.31,
2023-05-22,2023,142,0.03,86.32,18.29,
2023-05-23,2023,143,0.01,86.12,18.14,
2023-05-24,2023,144,1.91,88.14,18.23,
2023-05-25,2023,145,0.48,86.75,17.76,
2023-05-26,2023,146,0.01,85.6,17.09,
2023-05-27,2023,147,0.0,84.44,17.31,
2023-05-28,2023,148,0.0,84.08,17.34,
2023-05-29,2023,149,0.56,84.04,17.51,
2023-05-30,2023,150,5.1,86.31,17.85,
2023-05-31,2023,151,3.51,86.52,17.72,
2023-06-01,2023,152,0.24,85.7,17.21,
2023-06-02,2023,153,0.0,84.56,16.89,
2023-06-03,2023,154,0.0,82.5,17.08,
2023-06-04,2023,155,0.04,85.4,17.19,
2023-06-05,2023,156,0.0,84.25,16.33,
2023-06-06,2023,157,0.0,82.64,16.2,
2023-06-07,2023,158,0.05,82.5,16.29,
2023-06-08,2023,159,0.01,81.96,15.94,
2023-06-09,2023,160,0.45,82.54,16.8,
2023-06-10,2023,161,0.12,84.67,17.19,
2023-06-11,2023,162,0.37,81.82,16.39,
2023-06-12,2023,163,0.05,82.2,16.84,
2023-06-13,2023,164,0.0,79.47,16.72,
2023-06-14,2023,165,0.57,81.84,16.9,
2023-06-15,2023,166,0.21,80.42,16.2,
2023-06-16,2023,167,0.01,77.41,15.98,
2023-06-17,2023,168,1.16,79.86,16.31,
2023-06-18,2023,169,0.1,78.52,16.51,
2023-06-19,2023,170,0.37,75.94,15.92,
2023-06-20,2023,171,0.04,77.07,15.81,
2023-06-21,2023,172,0.01,77.82,15.49,
2023-06-22,2023,173,0.0,76.24,15.29,
2023-06-23,2023,174,0.0,73.14,14.24,
2023-06-24,2023,175,0.0,72.62,14.14,
2023-06-25,2023,176,0.0,74.14,14.92,
2023-06-26,2023,177,0.0,72.33,14.48,
2023-06-27,2023,178,0.0,68.52,13.45,
2023-06-28,2023,179,0.0,72.71,14.58,
2023-06-29,2023,180,0.0,70.93,14.86,
2023-06-30,2023,181,0.0,72.56,14.32,
2023-07-01,2023,182,0.0,69.57,14.4,
2023-07-02,2023,183,0.0,69.74,14.6,
2023-07-03,2023,184,0.0,70.08,14.62,
2023-07-04,2023,185,0.0,68.23,14.41,
2023-07-05,2023,186,0.07,66.24,13.65,
2023-07-06,2023,187,0.0,63.51,12.33,
2023-07-07,2023,188,0.0,65.23,13.38,
2023-07-08,2023,189,0.0,67.53,14.55,
2023-07-09,2023,190,0.98,67.02,14.81,
2023-07-10,2023,191,0.36,67.89,15.36,
2023-07-11,2023,192,0.0,70.89,15.97,
2023-07-12,2023,193,0.0,64.68,15.13,
2023-07-13,2023,194,0.36,65.58,15.22,
2023-07-14,2023,195,0.12,61.22,14.13,
2023-07-15,2023,196,0.0,61.86,14.04,
2023-07-16,2023,197,0.0,61.63,13.88,
2023-07-17,2023,198,0.0,53.94,11.66,
2023-07-18,2023,199,0.0,49.09,10.46,
2023-07-19,2023,200,0.0,49.93,10.7,
2023-07-20,2023,201,0.01,49.64,10.5,
2023-07-21,2023,202,0.03,49.56,9.75,
2023-07-22,2023,203,0.01,46.6,9.62,
2023-07-23,2023,204,0.0,45.27,9.82,
2023-07-24,2023,205,0.0,46.76,10.28,
2023-07-25,2023,206,0.0,47.34,10.72,
2023-07-26,2023,207,0.0,50.13,11.6,
2023-07-27,2023,208,0.0,45.64,10.67,
2023-07-28,2023,209,0.0,47.18,11.03,
2023-07-29,2023,210,0.0,45.16,11.28,
2023-07-30,2023,211,0.0,46.51,11.79,
2023-07-31,2023,212,3.01,53.9,13.06,
2023-08-01,2023,213,0.04,50.94,12.36,
2023-08-02,2023,214,0.0,47.8,11.75,
2023-08-03,2023,215,0.0,46.22,11.04,
2023-08-04,2023,216,0.01,47.89,12.11,
2023-08-05,2023,217,0.32,54.93,13.91,
2023-08-06,2023,218,0.03,51.19,12.66,
2023-08-07,2023,219,0.0,47.79,12.36,
2023-08-08,2023,220,0.0,41.69,10.94,
2023-08-09,2023,221,0.14,45.71,12.31,
2023-08-10,2023,222,0.02,48.36,12.15,
2023-08-11,2023,223,0.0,43.9,10.86,
2023-08-12,2023,224,0.0,38.33,9.2,
2023-08-13,2023,225,0.0,35.58,8.59,
2023-08-14,2023,226,0.0,34.11,8.54,
2023-08-15,2023,227,0.0,37.48,9.22,
2023-08-16,2023,228,0.0,39.49,9.45,
2023-08-17,2023,229,0.0,38.71,9.86,
2023-08-18,2023,230,0.0,36.69,9.19,
2023-08-19,2023,231,0.0,41.94,10.8,
2023-08-20,2023,232,0.0,43.24,11.92,
2023-08-21,2023,233,0.0,43.7,11.99,
2023-08-22,2023,234,0.56,48.79,13.93,
2023-08-23,2023,235,0.45,49.49,13.68,
2023-08-24,2023,236,0.04,47.39,13.26,
2023-08-25,2023,237,0.2,46.27,12.88,
2023-08-26,2023,238,1.75,47.86,13.53,
2023-08-27,2023,239,1.05,48.28,13.51,
2023-08-28,2023,240,0.86,49.62,13.95,
2023-08-29,2023,241,6.15,59.21,15.43,
2023-08-30,2023,242,1.92,61.05,15.75,
2023-08-31,2023,243,2.26,63.32,16.42,
2023-09-01,2023,244,4.08,62.95,15.74,
2023-09-02,2023,245,1.15,65.44,15.87,
2023-09-03,2023,246,0.07,57.7,14.27,
2023-09-04,2023,247,0.0,52.12,13.46,
2023-09-05,2023,248,0.0,42.7,10.84,
2023-09-06,2023,249,3.0,48.0,12.46,
2023-09-07,2023,250,9.33,68.22,16.02,
2023-09-08,2023,251,0.53,60.88,14.76,
2023-09-09,2023,252,0.11,57.04,13.92,
2023-09-10,2023,253,0.0,48.27,12.39,
2023-09-11,2023,254,0.0,48.84,13.01,
2023-09-12,2023,255,0.0,46.53,12.85,
2023-09-13,2023,256,0.0,38.5,10.37,
2023-09-14,2023,257,0.28,41.28,11.44,
2023-09-15,2023,258,0.0,35.42,10.43,
2023-09-16,2023,259,0.04,40.43,12.06,
2023-09-17,2023,260,0.01,40.08,11.98,
2023-09-18,2023,261,0.0,34.89,9.53,
2023-09-19,2023,262,0.0,34.04,9.98,
2023-09-20,2023,263,0.0,34.37,10.56,
2023-09-21,2023,264,0.75,34.78,11.19,
2023-09-22,2023,265,0.01,33.66,9.94,
2023-09-23,2023,266,0.0,40.92,12.07,
2023-09-24,2023,267,0.0,40.08,12.12,
2023-09-25,2023,268,0.03,36.06,11.66,
2023-09-26,2023,269,0.08,36.72,11.96,
2023-09-27,2023,270,6.65,44.83,13.6,
2023-09-28,2023,271,12.74,74.73,18.68,
2023-09-29,2023,272,0.04,62.91,16.81,
2023-09-30,2023,273,0.24,53.39,14.55,
2023-10-01,2023,274,0.22,54.24,14.98,
2023-10-02,2023,275,0.0,52.5,15.23,
2023-10-03,2023,276,0.04,51.78,14.97,
2023-10-04,2023,277,0.0,46.27,13.68,
2023-10-05,2023,278,3.57,47.84,14.32,
2023-10-06,2023,279,0.95,54.3,15.02,
2023-10-07,2023,280,0.04,48.62,13.63,
2023-10-08,2023,281,0.26,49.46,13.91,
2023-10-09,2023,282,0.14,48.17,14.06,
2023-10-10,2023,283,0.0,42.85,12.82,
2023-10-11,2023,284,0.03,40.7,12.64,
2023-10-12,2023,285,0.03,43.07,13.25,
2023-10-13,2023,286,1.73,42.59,12.9,
2023-10-14,2023,287,0.63,41.23,12.54,
2023-10-15,2023,288,4.48,56.74,15.04,
2023-10-16,2023,289,0.03,52.39,14.62,
2023-10-17,2023,290,2.01,49.45,13.67,
2023-10-18,2023,291,0.05,46.06,11.95,
2023-10-19,2023,292,0.0,46.43,13.16,
2023-10-20,2023,293,0.0,43.02,13.1,
2023-10-21,2023,294,0.0,39.83,12.66,
2023-10-22,2023,295,0.0,41.89,13.62,
2023-10-23,2023,296,7.94,51.52,15.46,
2023-10-24,2023,297,6.37,80.72,18.43,
2023-10-25,2023,298,0.13,66.65,16.64,
2023-10-26,2023,299,0.0,61.07,16.14,
2023-10-27,2023,300,0.0,51.98,14.57,
2023-10-28,2023,301,0.1,50.69,14.46,
2023-10-29,2023,302,0.02,51.85,14.97,
2023-10-30,2023,303,0.21,45.96,13.95,
2023-10-31,2023,304,0.03,44.59,13.06,
2023-11-01,2023,305,0.0,38.73,11.85,
2023-11-02,2023,306,0.75,43.36,13.19,
2023-11-03,2023,307,0.92,47.52,14.41,
2023-11-04,2023,308,3.33,48.82,14.77,
2023-11-05,2023,309,3.51,61.55,17.09,
2023-11-06,2023,310,37.22,76.84,19.0,
2023-11-07,2023,311,16.22,84.42,19.38,
2023-11-08,2023,312,13.6,87.28,19.22,
2023-11-09,2023,313,5.65,75.09,17.93,
2023-11-10,2023,314,0.58,72.81,17.38,
2023-11-11,2023,315,0.07,70.46,17.32,
2023-11-12,2023,316,0.0,64.06,16.55,
2023-11-13,2023,317,0.0,60.77,16.08,
2023-11-14,2023,318,0.0,57.81,15.18,
2023-11-15,2023,319,0.05,58.91,16.01,
2023-11-16,2023,320,5.07,59.75,16.86,
2023-11-17,2023,321,7.24,70.63,18.17,
2023-11-18,2023,322,0.03,66.89,17.55,
2023-11-19,2023,323,0.46,64.69,17.0,
2023-11-20,2023,324,4.53,71.39,17.5,
2023-11-21,2023,325,7.26,76.91,18.3,
2023-11-22,2023,326,5.46,82.8,18.22,
2023-11-23,2023,327,2.76,79.5,17.34,
2023-11-24,2023,328,0.02,69.47,16.41,
2023-11-25,2023,329,0.01,61.93,15.59,
2023-11-26,2023,330,0.93,62.02,16.17,
2023-11-27,2023,331,0.18,65.45,16.1,
2023-11-28,2023,332,0.06,58.75,14.51,
2023-11-29,2023,333,0.08,58.1,15.28,
2023-11-30,2023,334,0.03,59.46,15.93,
2023-12-01,2023,335,0.0,62.62,16.14,
2023-12-02,2023,336,0.0,58.18,15.3,
2023-12-03,2023,337,3.39,62.93,16.06,
2023-12-04,2023,338,1.05,74.77,16.63,
2023-12-05,2023,339,0.4,67.93,15.76,
2023-12-06,2023,340,0.11,62.87,16.01,
2023-12-07,2023,341,0.04,66.83,17.08,
2023-12-08,2023,342,0.14,65.3,16.36,
2023-12-09,2023,343,0.77,54.45,15.14,
2023-12-10,2023,344,3.44,56.98,15.86,
2023-12-11,2023,345,4.55,79.96,17.97,
2023-12-12,2023,346,0.66,66.75,16.47,
2023-12-13,2023,347,0.56,62.25,16.21,
2023-12-14,2023,348,1.81,71.22,17.43,
2023-12-15,2023,349,0.36,62.81,16.42,
2023-12-16,2023,350,0.04,54.95,14.58,
2023-12-17,2023,351,0.12,53.13,15.07,
2023-12-18,2023,352,2.46,55.87,14.17,
2023-12-19,2023,353,1.21,56.58,14.99,
2023-12-20,2023,354,18.21,69.98,16.78,
2023-12-21,2023,355,0.45,63.93,15.6,
2023-12-22,2023,356,7.53,70.89,17.75,
2023-12-23,2023,357,7.73,69.74,17.72,
2023-12-24,2023,358,1.83,68.32,17.72,
2023-12-25,2023,359,1.27,63.38,17.32,
2023-12-26,2023,360,6.65,66.02,17.5,
2023-12-27,2023,361,4.65,73.14,18.12,
2023-12-28,2023,362,1.05,73.39,18.01,
2023-12-29,2023,363,0.68,71.43,17.79,
2023-12-30,2023,364,3.89,79.29,18.6,
2023-12-31,2023,365,0.46,78.78,17.82,
2024-01-01,2024,1,10.96,74.79,17.33,
2024-01-02,2024,2,9.93,85.68,17.77,
2024-01-03,2024,3,2.52,80.28,17.54,
2024-01-04,2024,4,1.11,81.37,17.42,
2024-01-05,2024,5,3.01,72.92,17.09,
2024-01-06,2024,6,0.64,77.63,17.85,
2024-01-07,2024,7,13.93,84.06,18.5,
2024-01-08,2024,8,2.83,79.98,17.58,
2024-01-09,2024,9,7.32,78.79,17.85,
2024-01-10,2024,10,2.18,77.02,17.81,
2024-01-11,2024,11,3.42,84.43,18.08,
2024-01-12,2024,12,4.9,85.66,18.29,
2024-01-13,2024,13,2.55,84.06,17.53,
2024-01-14,2024,14,2.4,80.46,17.27,
2024-01-15,2024,15,1.53,82.74,17.41,
2024-01-16,2024,16,9.64,79.86,17.61,
2024-01-17,2024,17,3.53,85.02,18.31,
2024-01-18,2024,18,0.19,78.77,17.9,
2024-01-19,2024,19,0.1,78.58,17.79,
2024-01-20,2024,20,0.09,70.93,17.18,
2024-01-21,2024,21,0.28,70.36,17.6,
2024-01-22,2024,22,2.14,70.99,17.94,
2024-01-23,2024,23,13.92,80.0,18.83,
2024-01-24,2024,24,21.99,84.34,19.13,
2024-01-25,2024,25,8.57,86.35,19.18,
2024-01-26,2024,26,14.27,87.22,19.31,
2024-01-27,2024,27,33.99,91.08,18.03,
2024-01-28,2024,28,9.77,87.71,17.15,
2024-01-29,2024,29,8.71,86.89,17.72,
2024-01-30,2024,30,0.51,85.36,18.01,
2024-01-31,2024,31,10.61,83.04,18.59,
2024-02-01,2024,32,30.52,87.9,19.3,
2024-02-02,2024,33,3.95,81.53,16.57,
2024-02-03,2024,34,0.75,87.61,18.32,
2024-02-04,2024,35,5.35,89.48,18.35,
2024-02-05,2024,36,7.18,87.9,18.83,
2024-02-06,2024,37,2.06,85.51,18.65,
2024-02-07,2024,38,1.67,83.17,18.37,
2024-02-08,2024,39,25.68,86.77,19.36,
2024-02-09,2024,40,16.4,89.56,19.26,
2024-02-10,2024,41,19.08,91.07,17.99,
2024-02-11,2024,42,2.48,89.33,17.47,
2024-02-12,2024,43,0.1,86.29,18.44,
2024-02-13,2024,44,2.45,86.81,18.65,
2024-02-14,2024,45,0.67,84.33,17.61,
2024-02-15,2024,46,2.39,83.89,18.23,
2024-02-16,2024,47,6.98,84.97,18.75,
2024-02-17,2024,48,3.89,85.27,19.08,
2024-02-18,2024,49,23.56,84.69,19.39,
2024-02-19,2024,50,36.38,93.95,18.83,
2024-02-20,2024,51,3.55,91.53,18.09,
2024-02-21,2024,52,8.25,92.92,18.02,
2024-02-22,2024,53,2.39,89.58,17.9,
2024-02-23,2024,54,2.76,88.57,18.09,
2024-02-24,2024,55,3.08,85.63,17.96,
2024-02-25,2024,56,4.98,86.91,18.05,
2024-02-26,2024,57,1.94,86.76,18.27,
2024-02-27,2024,58,4.68,85.26,17.78,
2024-02-28,2024,59,5.84,92.78,17.87,
2024-02-29,2024,60,4.83,87.76,17.83,
2024-03-01,2024,61,8.03,87.82,18.16,
2024-03-02,2024,62,3.62,85.3,18.35,
2024-03-03,2024,63,11.27,92.85,19.07,
2024-03-04,2024,64,41.31,87.81,17.71,
2024-03-05,2024,65,3.39,87.03,18.09,
2024-03-06,2024,66,0.04,85.97,18.69,
2024-03-07,2024,67,0.1,87.29,19.12,
2024-03-08,2024,68,1.5,87.97,19.45,
2024-03-09,2024,69,1.92,87.84,19.35,
2024-03-10,2024,70,6.23,85.19,19.89,
2024-03-11,2024,71,7.29,86.16,19.46,
2024-03-12,2024,72,0.32,87.23,19.35,
2024-03-13,2024,73,2.19,85.5,19.01,
2024-03-14,2024,74,7.13,87.34,19.63,
2024-03-15,2024,75,9.19,93.41,19.66,
2024-03-16,2024,76,4.63,88.35,19.13,
2024-03-17,2024,77,16.05,88.3,18.81,
2024-03-18,2024,78,4.72,85.39,18.88,
2024-03-19,2024,79,0.1,86.06,19.57,
2024-03-20,2024,80,39.3,90.46,18.52,
2024-03-21,2024,81,24.32,89.04,18.92,
2024-03-22,2024,82,10.7,94.12,18.54,
2024-03-23,2024,83,10.25,82.54,17.97,
2024-03-24,2024,84,4.19,84.72,18.56,
2024-03-25,2024,85,13.32,91.45,18.8,
2024-03-26,2024,86,1.4,86.22,18.08,
2024-03-27,2024,87,0.25,85.31,18.63,
2024-03-28,2024,88,0.85,86.79,18.94,
2024-03-29,2024,89,18.73,88.88,19.32,
2024-03-30,2024,90,3.66,90.34,17.45,
2024-03-31,2024,91,1.18,85.53,18.29,
2024-04-01,2024,92,2.63,88.35,18.43,
2024-04-02,2024,93,4.17,83.28,18.28,
2024-04-03,2024,94,9.89,90.59,17.83,
2024-04-04,2024,95,3.3,85.31,17.65,
2024-04-05,2024,96,6.9,86.45,18.45,
2024-04-06,2024,97,6.16,88.53,18.02,
2024-04-07,2024,98,5.79,82.96,18.12,
2024-04-08,2024,99,4.07,85.5,18.61,
2024-04-09,2024,100,3.27,91.78,18.36,
2024-04-10,2024,101,4.06,88.86,18.77,
2024-04-11,2024,102,6.79,86.46,19.02,
2024-04-12,2024,103,4.3,89.62,19.24,
2024-04-13,2024,104,28.73,93.44,19.07,
2024-04-14,2024,105,1.17,90.0,18.36,
2024-04-15,2024,106,1.83,88.25,18.79,
2024-04-16,2024,107,0.54,87.6,19.76,
2024-04-17,2024,108,14.86,88.99,20.33,
2024-04-18,2024,109,7.82,90.23,19.74,
2024-04-19,2024,110,3.22,87.9,18.58,
2024-04-20,2024,111,14.54,86.66,18.72,
2024-04-21,2024,112,5.56,87.92,18.81,
2024-04-22,2024,113,1.87,88.69,19.17,
2024-04-23,2024,114,4.05,92.43,18.69,
2024-04-24,2024,115,0.42,86.85,18.63,
2024-04-25,2024,116,1.55,86.82,18.86,
2024-04-26,2024,117,0.54,89.28,18.83,
2024-04-27,2024,118,8.92,88.48,19.27,
2024-04-28,2024,119,5.93,88.61,19.09,
2024-04-29,2024,120,0.48,89.39,18.96,
2024-04-30,2024,121,3.05,88.8,19.23,
2024-05-01,2024,122,0.39,88.37,19.12,
2024-05-02,2024,123,0.21,87.05,18.93,
2024-05-03,2024,124,3.18,87.78,19.49,
2024-05-04,2024,125,4.03,89.95,19.8,
2024-05-05,2024,126,0.26,87.17,19.11,
2024-05-06,2024,127,0.0,85.64,18.55,
2024-05-07,2024,128,0.0,85.37,18.26,
2024-05-08,2024,129,0.4,85.21,18.34,
2024-05-09,2024,130,0.15,86.89,18.62,
2024-05-10,2024,131,1.77,86.3,18.94,
2024-05-11,2024,132,0.57,87.21,19.02,
2024-05-12,2024,133,0.0,81.21,17.2,
2024-05-13,2024,134,0.43,79.4,17.64,
2024-05-14,2024,135,0.1,80.84,18.28,
2024-05-15,2024,136,0.69,82.95,18.79,
2024-05-16,2024,137,0.64,85.02,19.25,
2024-05-17,2024,138,0.14,83.42,18.36,
2024-05-18,2024,139,4.01,78.12,16.64,
2024-05-19,2024,140,2.8,84.17,17.86,
2024-05-20,2024,141,1.92,83.8,18.12,
2024-05-21,2024,142,0.24,84.22,18.35,
2024-05-22,2024,143,0.01,83.5,17.93,
2024-05-23,2024,144,0.0,82.67,17.87,
2024-05-24,2024,145,0.0,82.0,17.08,
2024-05-25,2024,146,0.0,75.66,16.12,
2024-05-26,2024,147,0.09,75.26,15.95,
2024-05-27,2024,148,0.63,79.52,17.17,
2024-05-28,2024,149,2.0,81.73,17.61,
2024-05-29,2024,150,0.86,77.57,16.61,
2024-05-30,2024,151,0.23,76.74,16.97,
2024-05-31,2024,152,0.6,76.88,17.36,
2024-06-01,2024,153,0.19,78.32,17.04,
2024-06-02,2024,154,0.28,73.53,15.74,
2024-06-03,2024,155,1.95,76.36,16.43,
2024-06-04,2024,156,0.15,79.11,16.52,
2024-06-05,2024,157,0.0,73.38,15.16,
2024-06-06,2024,158,0.0,70.15,15.24,
2024-06-07,2024,159,0.08,68.42,15.2,
2024-06-08,2024,160,0.02,69.17,15.34,
2024-06-09,2024,161,0.0,72.85,15.96,
2024-06-10,2024,162,0.0,69.74,15.71,
2024-06-11,2024,163,0.0,65.2,14.33,
2024-06-12,2024,164,0.0,61.21,12.91,
2024-06-13,2024,165,0.0,60.93,13.18,
2024-06-14,2024,166,0.0,66.81,14.58,
2024-06-15,2024,167,0.0,63.6,14.27,
2024-06-16,2024,168,0.02,62.71,14.11,
2024-06-17,2024,169,0.0,63.85,14.4,
2024-06-18,2024,170,0.01,62.03,13.74,
2024-06-19,2024,171,0.0,62.88,13.9,
2024-06-20,2024,172,0.0,59.45,13.13,
2024-06-21,2024,173,0.0,56.36,12.48,
2024-06-22,2024,174,0.0,56.37,12.84,
2024-06-23,2024,175,0.0,57.83,13.48,
2024-06-24,2024,176,0.89,60.2,13.84,
2024-06-25,2024,177,0.07,56.46,12.81,
2024-06-26,2024,178,0.01,53.68,12.73,
2024-06-27,2024,179,0.17,52.12,12.02,
2024-06-28,2024,180,0.89,62.76,14.37,
2024-06-29,2024,181,0.96,55.35,13.18,
2024-06-30,2024,182,0.18,53.02,12.75,
2024-07-01,2024,183,0.83,64.66,15.11,
2024-07-02,2024,184,0.28,61.31,14.28,
2024-07-03,2024,185,0.0,50.09,11.59,
2024-07-04,2024,186,0.0,49.61,11.27,
2024-07-05,2024,187,0.0,44.06,10.38,
2024-07-06,2024,188,0.0,44.97,9.94,
2024-07-07,2024,189,0.39,53.69,13.01,
2024-07-08,2024,190,1.01,62.06,14.64,
2024-07-09,2024,191,0.08,54.4,13.41,
2024-07-10,2024,192,0.0,49.95,12.48,
2024-07-11,2024,193,0.19,50.98,13.09,
2024-07-12,2024,194,0.11,44.57,11.02,
2024-07-13,2024,195,0.0,43.06,10.64,
2024-07-14,2024,196,0.0,41.62,9.82,
2024-07-15,2024,197,0.0,39.55,8.94,
2024-07-16,2024,198,0.0,37.26,9.11,
2024-07-17,2024,199,0.0,37.45,8.33,
2024-07-18,2024,200,0.0,38.11,9.47,
2024-07-19,2024,201,0.0,44.81,11.93,
2024-07-20,2024,202,0.0,39.18,10.08,
2024-07-21,2024,203,0.0,33.9,8.24,
2024-07-22,2024,204,0.0,33.68,7.6,
2024-07-23,2024,205,0.0,35.44,8.85,
2024-07-24,2024,206,0.0,42.07,11.04,
2024-07-25,2024,207,0.0,37.41,9.27,
2024-07-26,2024,208,0.0,34.03,8.01,
2024-07-27,2024,209,0.0,36.22,8.72,
2024-07-28,2024,210,0.0,36.42,9.2,
2024-07-29,2024,211,0.0,35.91,9.54,
2024-07-30,2024,212,0.0,34.2,8.59,
2024-07-31,2024,213,0.0,30.01,7.1,
2024-08-01,2024,214,0.0,31.61,8.02,
2024-08-02,2024,215,0.0,29.65,7.48,
2024-08-03,2024,216,0.0,32.26,8.0,
2024-08-04,2024,217,0.0,33.83,8.05,
2024-08-05,2024,218,0.0,33.13,7.65,
2024-08-06,2024,219,0.0,30.17,7.15,
2024-08-07,2024,220,0.0,29.15,7.01,
2024-08-08,2024,221,0.0,24.77,6.06,
2024-08-09,2024,222,0.0,29.58,7.94,
2024-08-10,2024,223,0.0,34.08,10.05,
2024-08-11,2024,224,1.05,40.36,11.94,
2024-08-12,2024,225,1.2,41.27,11.53,
2024-08-13,2024,226,1.06,44.87,12.32,
2024-08-14,2024,227,3.87,54.39,14.11,
2024-08-15,2024,228,0.43,50.1,11.67,
2024-08-16,2024,229,0.0,39.84,9.24,
2024-08-17,2024,230,0.0,35.33,8.74,
2024-08-18,2024,231,0.0,36.2,9.47,
2024-08-19,2024,232,0.01,35.77,9.68,
2024-08-20,2024,233,0.0,35.91,9.65,
2024-08-21,2024,234,0.0,36.49,10.11,
2024-08-22,2024,235,0.0,34.15,9.66,
2024-08-23,2024,236,0.0,32.45,9.21,
2024-08-24,2024,237,0.0,31.55,9.14,
2024-08-25,2024,238,0.0,32.26,9.76,
2024-08-26,2024,239,0.33,34.06,10.83,
2024-08-27,2024,240,0.92,34.01,10.13,
2024-08-28,2024,241,0.0,29.53,8.06,
2024-08-29,2024,242,0.0,30.55,7.8,
2024-08-30,2024,243,0.0,31.1,8.15,
2024-08-31,2024,244,0.0,31.75,8.15,
2024-09-01,2024,245,0.0,27.99,7.61,
2024-09-02,2024,246,0.0,27.73,7.28,
2024-09-03,2024,247,0.0,27.66,7.47,
2024-09-04,2024,248,0.0,27.63,7.69,
2024-09-05,2024,249,0.0,25.04,6.86,
2024-09-06,2024,250,0.0,27.58,7.75,
2024-09-07,2024,251,0.0,27.16,7.73,
2024-09-08,2024,252,0.0,27.57,8.33,
2024-09-09,2024,253,0.0,28.65,8.21,
2024-09-10,2024,254,0.0,29.61,8.72,
2024-09-11,2024,255,0.0,30.26,9.26,
2024-09-12,2024,256,0.0,28.82,8.7,
2024-09-13,2024,257,0.0,29.18,8.75,
2024-09-14,2024,258,0.0,31.05,9.5,
2024-09-15,2024,259,0.0,27.76,8.34,
2024-09-16,2024,260,0.0,30.07,9.13,
2024-09-17,2024,261,0.0,26.55,8.73,
2024-09-18,2024,262,1.96,33.35,10.38,
2024-09-19,2024,263,0.0,28.74,9.21,
2024-09-20,2024,264,0.0,29.99,9.53,
2024-09-21,2024,265,0.0,34.6,11.07,
2024-09-22,2024,266,0.0,33.71,11.27,
2024-09-23,2024,267,0.43,38.42,12.68,
2024-09-24,2024,268,2.08,42.18,13.2,
2024-09-25,2024,269,5.77,47.78,14.16,
2024-09-26,2024,270,2.73,49.42,14.48,
2024-09-27,2024,271,0.11,51.13,14.68,
2024-09-28,2024,272,0.0,43.73,13.28,
2024-09-29,2024,273,0.18,39.65,12.76,
2024-09-30,2024,274,1.53,41.12,13.21,
2024-10-01,2024,275,13.3,62.48,16.75,
2024-10-02,2024,276,0.22,60.81,15.68,
2024-10-03,2024,277,16.62,57.04,15.36,
2024-10-04,2024,278,5.6,61.04,16.24,
2024-10-05,2024,279,0.19,57.8,16.2,
2024-10-06,2024,280,0.13,55.97,16.04,
2024-10-07,2024,281,0.01,54.21,15.7,
2024-10-08,2024,282,0.0,52.14,15.39,
2024-10-09,2024,283,0.01,49.44,14.46,
2024-10-10,2024,284,0.05,45.12,13.52,
2024-10-11,2024,285,0.16,44.03,13.25,
2024-10-12,2024,286,0.05,39.58,12.27,
2024-10-13,2024,287,0.07,36.42,11.88,
2024-10-14,2024,288,3.98,44.4,13.91,
2024-10-15,2024,289,0.19,52.14,14.91,
2024-10-16,2024,290,1.74,50.71,14.23,
2024-10-17,2024,291,1.5,55.51,15.59,
2024-10-18,2024,292,1.68,58.08,15.14,
2024-10-19,2024,293,0.03,58.64,15.21,
2024-10-20,2024,294,1.36,48.66,13.86,
2024-10-21,2024,295,5.61,60.55,16.2,
2024-10-22,2024,296,2.51,70.24,17.59,
2024-10-23,2024,297,0.0,64.35,16.66,
2024-10-24,2024,298,0.0,55.15,15.61,
2024-10-25,2024,299,0.0,51.3,14.63,
2024-10-26,2024,300,0.0,47.79,13.98,
2024-10-27,2024,301,0.0,43.68,13.3,
2024-10-28,2024,302,0.18,38.64,11.68,
2024-10-29,2024,303,0.38,42.19,12.3,
2024-10-30,2024,304,0.67,40.96,12.85,
2024-10-31,2024,305,5.56,64.11,15.95,
2024-11-01,2024,306,1.54,64.35,16.29,
2024-11-02,2024,307,0.0,65.58,16.37,
2024-11-03,2024,308,4.68,61.25,16.89,
2024-11-04,2024,309,3.08,79.51,18.08,
2024-11-05,2024,310,8.85,70.44,16.71,
2024-11-06,2024,311,4.62,78.5,17.71,
2024-11-07,2024,312,1.98,79.02,17.84,
2024-11-08,2024,313,0.06,70.08,16.58,
2024-11-09,2024,314,0.0,61.49,16.36,
2024-11-10,2024,315,14.6,71.25,17.71,
2024-11-11,2024,316,19.29,88.29,18.47,
2024-11-12,2024,317,0.19,79.97,17.26,
2024-11-13,2024,318,12.89,72.74,16.91,
2024-11-14,2024,319,2.5,76.06,17.62,
2024-11-15,2024,320,0.5,82.38,18.16,
2024-11-16,2024,321,0.31,73.65,17.43,
2024-11-17,2024,322,0.01,68.29,16.73,
2024-11-18,2024,323,0.22,68.46,16.83,
2024-11-19,2024,324,0.11,66.77,16.47,
2024-11-20,2024,325,0.7,70.86,16.94,
2024-11-21,2024,326,2.17,68.48,16.98,
2024-11-22,2024,327,0.93,82.12,17.87,
2024-11-23,2024,328,0.11,65.35,16.07,
2024-11-24,2024,329,0.11,63.56,15.98,
2024-11-25,2024,330,3.26,62.05,16.18,
2024-11-26,2024,331,0.76,71.34,17.4,
2024-11-27,2024,332,5.99,71.35,17.41,
2024-11-28,2024,333,47.17,68.66,17.28,
2024-11-29,2024,334,6.27,72.27,17.69,
2024-11-30,2024,335,6.67,72.28,17.49,
2024-12-01,2024,336,1.3,71.86,17.61,
2024-12-02,2024,337,1.51,71.67,17.77,
2024-12-03,2024,338,9.5,75.61,17.61,
2024-12-04,2024,339,4.78,75.88,17.75,
2024-12-05,2024,340,2.68,80.28,17.59,
2024-12-06,2024,341,0.48,77.18,16.86,
2024-12-07,2024,342,0.05,66.77,15.32,
2024-12-08,2024,343,0.0,66.63,14.89,
2024-12-09,2024,344,4.72,65.56,15.91,
2024-12-10,2024,345,10.23,80.96,17.92,
2024-12-11,2024,346,3.18,77.3,17.52,
2024-12-12,2024,347,0.65,72.67,16.56,
2024-12-13,2024,348,1.24,66.65,16.63,
2024-12-14,2024,349,1.04,70.12,17.33,
2024-12-15,2024,350,1.39,77.56,17.39,
2024-12-16,2024,351,1.74,82.93,17.77,
2024-12-17,2024,352,4.52,79.5,18.08,
2024-12-18,2024,353,3.94,83.97,18.68,
2024-12-19,2024,354,1.65,82.71,18.4,
2024-12-20,2024,355,6.63,86.7,18.71,
2024-12-21,2024,356,1.94,82.28,18.29,
2024-12-22,2024,357,4.58,85.82,18.0,
2024-12-23,2024,358,6.61,81.72,17.92,
2024-12-24,2024,359,2.9,81.29,18.45,
2024-12-25,2024,360,12.59,89.49,18.59,
2024-12-26,2024,361,2.06,83.64,17.89,
2024-12-27,2024,362,0.91,79.44,17.58,
2024-12-28,2024,363,2.03,78.02,17.24,
2024-12-29,2024,364,4.24,80.12,17.21,
2024-12-30,2024,365,14.96,81.29,17.69,
2024-12-31,2024,366,9.29,82.43,18.12,
2025-01-01,2025,1,2.25,84.73,18.59,
2025-01-02,2025,2,2.75,82.63,18.47,
2025-01-03,2025,3,0.51,84.16,18.07,
2025-01-04,2025,4,20.7,82.01,18.04,
2025-01-05,2025,5,3.65,86.82,18.41,
2025-01-06,2025,6,8.76,89.49,17.63,
2025-01-07,2025,7,7.2,87.35,17.81,
2025-01-08,2025,8,1.37,86.07,17.9,
2025-01-09,2025,9,19.11,84.06,17.57,
2025-01-10,2025,10,18.04,88.41,18.3,
2025-01-11,2025,11,12.29,86.27,18.75,
2025-01-12,2025,12,13.68,89.6,18.91,
2025-01-13,2025,13,6.26,91.18,18.34,
2025-01-14,2025,14,3.3,91.54,17.56,
2025-01-15,2025,15,1.8,86.02,17.06,
2025-01-16,2025,16,12.17,89.78,17.21,
2025-01-17,2025,17,13.65,85.66,17.0,
2025-01-18,2025,18,9.97,90.1,17.69,
2025-01-19,2025,19,0.69,86.34,16.32,
2025-01-20,2025,20,0.97,82.17,16.42,
2025-01-21,2025,21,4.37,86.39,17.5,
2025-01-22,2025,22,4.68,87.91,18.39,
2025-01-23,2025,23,3.46,88.0,18.61,
2025-01-24,2025,24,2.07,88.92,17.92,
2025-01-25,2025,25,1.49,87.25,17.76,
2025-01-26,2025,26,4.45,84.38,17.97,
2025-01-27,2025,27,3.55,85.04,17.61,
2025-01-28,2025,28,2.22,84.86,17.81,
2025-01-29,2025,29,5.34,85.9,18.16,
2025-01-30,2025,30,9.29,88.77,18.13,
2025-01-31,2025,31,16.84,86.54,17.04,
2025-02-01,2025,32,26.57,87.85,17.66,
2025-02-02,2025,33,21.95,90.01,17.52,
2025-02-03,2025,34,5.04,90.24,17.29,
2025-02-04,2025,35,6.93,88.49,17.59,
2025-02-05,2025,36,14.4,84.7,17.68,
2025-02-06,2025,37,13.36,85.25,18.07,
2025-02-07,2025,38,1.77,84.41,18.24,
2025-02-08,2025,39,16.45,87.62,18.33,
2025-02-09,2025,40,1.53,85.73,17.64,
2025-02-10,2025,41,9.11,92.63,17.48,
2025-02-11,2025,42,1.97,87.88,17.43,
2025-02-12,2025,43,1.84,89.16,17.79,
2025-02-13,2025,44,5.19,87.0,17.86,
2025-02-14,2025,45,8.0,88.39,18.39,
2025-02-15,2025,46,30.21,93.76,17.88,
2025-02-16,2025,47,2.99,86.67,17.69,
2025-02-17,2025,48,5.99,88.85,17.69,
2025-02-18,2025,49,0.65,86.5,17.3,
2025-02-19,2025,50,4.66,85.76,18.19,
2025-02-20,2025,51,4.75,89.43,18.58,
2025-02-21,2025,52,11.1,90.07,18.27,
2025-02-22,2025,53,3.75,88.45,17.97,
2025-02-23,2025,54,17.14,87.04,17.76,
2025-02-24,2025,55,7.18,88.21,18.45,
2025-02-25,2025,56,13.73,91.59,18.48,
2025-02-26,2025,57,18.1,88.8,17.77,
2025-02-27,2025,58,8.05,87.11,17.43,
2025-02-28,2025,59,1.22,84.8,16.17,
2025-03-01,2025,60,2.16,85.11,17.86,
2025-03-02,2025,61,16.12,89.61,18.56,
2025-03-03,2025,62,6.52,88.8,18.3,
2025-03-04,2025,63,5.61,90.19,18.45,
2025-03-05,2025,64,20.45,92.79,17.91,
2025-03-06,2025,65,24.33,89.62,17.2,
2025-03-07,2025,66,5.01,89.91,17.69,
2025-03-08,2025,67,5.75,87.63,18.47,
2025-03-09,2025,68,9.95,89.12,18.23,
2025-03-10,2025,69,1.59,90.31,17.45,
2025-03-11,2025,70,3.92,89.4,17.78,
2025-03-12,2025,71,2.42,88.5,18.17,
2025-03-13,2025,72,0.51,86.24,18.42,
2025-03-14,2025,73,0.12,86.9,18.57,
2025-03-15,2025,74,5.48,86.65,18.96,
2025-03-16,2025,75,8.29,90.04,18.63,
2025-03-17,2025,76,9.39,87.16,17.89,
2025-03-18,2025,77,11.67,87.45,18.06,
2025-03-19,2025,78,7.94,86.5,17.51,
2025-03-20,2025,79,32.68,89.72,17.99,
2025-03-21,2025,80,18.1,91.21,17.05,
2025-03-22,2025,81,0.82,87.08,18.19,
2025-03-23,2025,82,5.35,89.93,18.63,
2025-03-24,2025,83,16.04,88.35,17.69,
2025-03-25,2025,84,8.71,88.1,18.5,
2025-03-26,2025,85,4.59,87.92,18.84,
2025-03-27,2025,86,2.65,87.65,18.97,
2025-03-28,2025,87,2.37,87.05,18.78,
2025-03-29,2025,88,34.91,88.73,18.63,
2025-03-30,2025,89,4.2,88.94,18.54,
2025-03-31,2025,90,0.8,87.0,18.74,
2025-04-01,2025,91,0.14,87.82,18.69,
2025-04-02,2025,92,0.46,89.23,18.35,
2025-04-03,2025,93,2.22,85.32,18.62,
2025-04-04,2025,94,6.75,85.12,18.69,
2025-04-05,2025,95,0.18,86.47,18.35,
2025-04-06,2025,96,5.18,86.4,18.2,
2025-04-07,2025,97,9.98,93.94,18.31,
2025-04-08,2025,98,1.43,90.94,18.42,
2025-04-09,2025,99,1.38,86.45,18.68,
2025-04-10,2025,100,0.88,87.78,18.95,
2025-04-11,2025,101,2.85,92.78,18.55,
2025-04-12,2025,102,1.68,87.54,18.43,
2025-04-13,2025,103,5.13,89.33,19.02,
2025-04-14,2025,104,3.06,86.84,18.86,
2025-04-15,2025,105,0.81,87.32,18.82,
2025-04-16,2025,106,1.06,85.92,18.91,
2025-04-17,2025,107,0.59,85.76,19.1,
2025-04-18,2025,108,0.11,84.04,18.92,
2025-04-19,2025,109,0.03,82.53,18.79,
2025-04-20,2025,110,9.46,85.93,18.5,
2025-04-21,2025,111,4.32,89.18,19.03,
2025-04-22,2025,112,4.56,89.92,19.29,
2025-04-23,2025,113,1.22,91.41,18.56,
2025-04-24,2025,114,0.68,88.83,18.07,
2025-04-25,2025,115,3.09,87.91,18.63,
2025-04-26,2025,116,0.14,88.81,18.78,
2025-04-27,2025,117,0.19,88.67,19.03,
2025-04-28,2025,118,0.51,90.48,18.13,
2025-04-29,2025,119,0.67,86.76,18.27,
2025-04-30,2025,120,0.5,89.06,18.64,
2025-05-01,2025,121,0.16,84.86,18.52,
2025-05-02,2025,122,0.12,84.23,18.0,
2025-05-03,2025,123,0.0,81.27,16.97,
2025-05-04,2025,124,0.12,78.65,16.58,
2025-05-05,2025,125,0.16,80.18,17.31,
2025-05-06,2025,126,0.6,81.72,17.74,
2025-05-07,2025,127,2.26,84.41,18.25,
2025-05-08,2025,128,0.76,82.24,18.09,
2025-05-09,2025,129,2.21,82.98,18.34,
2025-05-10,2025,130,1.44,88.55,18.12,
2025-05-11,2025,131,0.21,87.98,17.91,
2025-05-12,2025,132,1.64,86.56,18.08,
2025-05-13,2025,133,1.49,83.64,18.0,
2025-05-14,2025,134,0.33,82.66,17.29,
2025-05-15,2025,135,0.08,79.56,16.51,
2025-05-16,2025,136,0.15,81.47,16.66,
2025-05-17,2025,137,0.0,77.97,15.72,
2025-05-18,2025,138,0.08,77.59,16.46,
2025-05-19,2025,139,0.05,78.48,16.47,
2025-05-20,2025,140,0.34,75.01,15.99,
2025-05-21,2025,141,2.92,77.95,16.65,
2025-05-22,2025,142,10.11,85.69,17.75,
2025-05-23,2025,143,1.31,84.79,17.78,
2025-05-24,2025,144,0.88,82.28,17.64,
2025-05-25,2025,145,1.06,77.43,16.66,
2025-05-26,2025,146,0.08,76.08,16.65,
2025-05-27,2025,147,0.01,75.67,16.4,
2025-05-28,2025,148,0.0,70.75,14.36,
2025-05-29,2025,149,0.0,68.72,14.01,
2025-05-30,2025,150,0.02,70.39,14.51,
2025-05-31,2025,151,0.04,76.96,16.43,
2025-06-01,2025,152,2.98,77.69,17.2,
2025-06-02,2025,153,31.02,80.55,17.11,
2025-06-03,2025,154,3.86,83.19,16.58,
2025-06-04,2025,155,0.9,77.52,16.68,
2025-06-05,2025,156,0.02,78.02,16.84,
2025-06-06,2025,157,0.0,72.61,15.93,
2025-06-07,2025,158,0.0,69.18,15.75,
2025-06-08,2025,159,0.06,74.75,16.22,
2025-06-09,2025,160,45.56,83.41,17.28,
2025-06-10,2025,161,2.09,81.87,16.82,
2025-06-11,2025,162,0.33,77.25,16.97,
2025-06-12,2025,163,0.18,78.77,16.54,
2025-06-13,2025,164,4.73,88.79,17.61,
2025-06-14,2025,165,0.88,86.6,16.89,
2025-06-15,2025,166,0.01,80.78,16.01,
2025-06-16,2025,167,0.0,76.21,15.01,
2025-06-17,2025,168,0.0,75.98,15.22,
2025-06-18,2025,169,24.85,80.76,15.98,
2025-06-19,2025,170,1.8,77.61,14.96,
2025-06-20,2025,171,0.0,74.15,14.14,
2025-06-21,2025,172,0.13,74.86,15.7,
2025-06-22,2025,173,0.06,79.42,16.5,
2025-06-23,2025,174,0.0,72.25,15.48,
2025-06-24,2025,175,0.32,71.98,15.3,
2025-06-25,2025,176,0.03,66.45,14.56,
2025-06-26,2025,177,0.08,73.04,15.9,
2025-06-27,2025,178,0.01,67.37,14.69,
2025-06-28,2025,179,0.0,61.57,12.91,
2025-06-29,2025,180,0.03,68.18,15.13,
2025-06-30,2025,181,0.07,62.27,13.42,
2025-07-01,2025,182,0.03,59.86,13.28,
2025-07-02,2025,183,0.01,62.48,14.53,
2025-07-03,2025,184,0.0,59.0,13.68,
2025-07-04,2025,185,0.0,54.82,12.11,
2025-07-05,2025,186,0.0,56.86,12.24,
2025-07-06,2025,187,0.0,54.26,11.97,
2025-07-07,2025,188,0.0,55.02,12.17,
2025-07-08,2025,189,0.0,57.09,12.61,
2025-07-09,2025,190,0.0,57.42,13.28,
2025-07-10,2025,191,0.0,52.06,11.92,
2025-07-11,2025,192,0.0,48.4,10.95,
2025-07-12,2025,193,0.0,51.16,11.95,
2025-07-13,2025,194,0.77,49.51,11.41,
2025-07-14,2025,195,0.07,45.41,9.54,
2025-07-15,2025,196,0.0,47.27,10.33,
2025-07-16,2025,197,0.0,55.31,13.15,
2025-07-17,2025,198,0.0,43.1,9.47,
2025-07-18,2025,199,0.0,42.43,8.97,
2025-07-19,2025,200,0.0,47.91,10.82,
2025-07-20,2025,201,0.0,44.58,10.86,
2025-07-21,2025,202,0.0,45.79,11.36,
2025-07-22,2025,203,0.0,51.08,12.64,
2025-07-23,2025,204,0.0,48.2,11.23,
2025-07-24,2025,205,0.0,46.19,10.78,
2025-07-25,2025,206,0.0,46.78,12.02,
2025-07-26,2025,207,0.16,46.47,11.65,
2025-07-27,2025,208,0.0,42.9,10.28,
2025-07-28,2025,209,0.0,44.1,10.16,
2025-07-29,2025,210,0.0,38.03,8.63,
2025-07-30,2025,211,0.0,37.65,9.07,
2025-07-31,2025,212,2.22,61.48,14.06,
2025-08-01,2025,213,1.67,69.19,14.74,
2025-08-02,2025,214,0.01,58.97,12.94,
2025-08-03,2025,215,0.0,55.19,12.91,
2025-08-04,2025,216,0.0,45.76,11.04,
2025-08-05,2025,217,0.0,42.99,10.39,
2025-08-06,2025,218,0.0,40.6,10.2,
2025-08-07,2025,219,0.83,53.58,13.38,
2025-08-08,2025,220,2.6,63.97,14.6,
2025-08-09,2025,221,1.32,62.11,14.37,
2025-08-10,2025,222,2.78,58.81,14.07,
2025-08-11,2025,223,3.51,56.4,14.18,
2025-08-12,2025,224,0.01,54.55,13.09,
2025-08-13,2025,225,0.45,63.34,14.39,
2025-08-14,2025,226,0.55,59.8,13.86,
2025-08-15,2025,227,0.67,50.42,12.37,
2025-08-16,2025,228,0.02,45.22,10.91,
2025-08-17,2025,229,0.06,44.65,11.56,
2025-08-18,2025,230,0.0,40.88,10.68,
2025-08-19,2025,231,0.0,36.83,9.61,
2025-08-20,2025,232,0.0,36.62,8.93,
2025-08-21,2025,233,0.0,30.52,7.09,
2025-08-22,2025,234,0.0,37.24,9.36,
2025-08-23,2025,235,0.0,36.54,9.75,
2025-08-24,2025,236,0.0,33.97,9.03,
2025-08-25,2025,237,0.0,31.94,8.65,
2025-08-26,2025,238,5.26,40.08,10.82,
2025-08-27,2025,239,3.37,56.04,13.82,
2025-08-28,2025,240,0.25,50.32,13.32,
2025-08-29,2025,241,0.27,44.13,11.3,
2025-08-30,2025,242,7.92,50.34,13.15,
2025-08-31,2025,243,0.27,48.78,11.96,
2025-09-01,2025,244,0.0,40.0,9.45,
2025-09-02,2025,245,0.0,38.03,9.89,
2025-09-03,2025,246,0.0,39.35,10.62,
2025-09-04,2025,247,0.0,36.99,10.27,
2025-09-05,2025,248,0.0,34.32,9.76,
2025-09-06,2025,249,0.0,32.11,9.09,
2025-09-07,2025,250,0.13,31.31,9.04,
2025-09-08,2025,251,1.75,35.42,10.31,
2025-09-09,2025,252,0.05,30.5,8.36,
2025-09-10,2025,253,0.0,28.75,7.59,
2025-09-11,2025,254,0.0,34.59,10.38,
2025-09-12,2025,255,0.05,42.4,12.36,
2025-09-13,2025,256,0.02,47.45,13.26,
2025-09-14,2025,257,0.0,40.86,11.55,
2025-09-15,2025,258,0.01,35.27,9.78,
2025-09-16,2025,259,0.0,35.49,9.95,
2025-09-17,2025,260,0.0,33.38,9.71,
2025-09-18,2025,261,0.66,40.19,12.02,
2025-09-19,2025,262,0.16,44.38,12.97,
2025-09-20,2025,263,0.32,46.52,13.49,
2025-09-21,2025,264,0.33,47.35,13.4,
2025-09-22,2025,265,1.32,48.63,14.05,
2025-09-23,2025,266,2.61,52.13,15.08,
2025-09-24,2025,267,10.66,58.3,16.15,
2025-09-25,2025,268,2.35,58.41,15.54,
2025-09-26,2025,269,13.85,61.5,15.89,
2025-09-27,2025,270,6.04,61.56,15.76,
2025-09-28,2025,271,1.17,60.24,15.41,
2025-09-29,2025,272,0.01,57.09,15.0,
2025-09-30,2025,273,0.79,57.82,15.56,
2025-10-01,2025,274,2.01,55.07,14.82,
2025-10-02,2025,275,0.46,55.4,15.21,
2025-10-03,2025,276,0.28,53.32,14.64,
2025-10-04,2025,277,0.3,57.22,14.97,
2025-10-05,2025,278,0.0,45.17,12.43,
2025-10-06,2025,279,2.47,50.62,14.2,
2025-10-07,2025,280,1.1,52.93,14.43,
2025-10-08,2025,281,2.39,56.73,14.98,
2025-10-09,2025,282,9.43,73.12,17.07,
2025-10-10,2025,283,5.06,74.03,16.92,
2025-10-11,2025,284,1.48,73.0,16.87,
2025-10-12,2025,285,3.39,72.7,16.61,
2025-10-13,2025,286,0.71,68.92,16.02,
2025-10-14,2025,287,2.39,66.71,16.19,
2025-10-15,2025,288,0.84,63.9,15.94,
2025-10-16,2025,289,0.0,54.07,13.47,
2025-10-17,2025,290,0.0,54.45,13.77,
2025-10-18,2025,291,0.0,53.81,13.92,
2025-10-19,2025,292,0.03,47.97,13.28,
2025-10-20,2025,293,0.5,49.57,13.72,
2025-10-21,2025,294,0.21,53.83,14.16,
2025-10-22,2025,295,0.22,63.02,14.8,
2025-10-23,2025,296,0.19,53.28,13.42,
2025-10-24,2025,297,0.0,43.68,11.3,
2025-10-25,2025,298,0.23,42.04,11.85,
2025-10-26,2025,299,0.24,46.26,13.2,
2025-10-27,2025,300,0.09,48.32,13.27,
2025-10-28,2025,301,0.0,46.78,13.51,
2025-10-29,2025,302,0.0,45.73,13.71,
2025-10-30,2025,303,0.06,39.83,12.36,
2025-10-31,2025,304,0.02,44.48,13.49,
2025-11-01,2025,305,3.32,51.74,14.83,
2025-11-02,2025,306,2.52,59.7,16.56,
2025-11-03,2025,307,0.92,62.64,16.65,
2025-11-04,2025,308,0.02,49.15,13.7,
2025-11-05,2025,309,5.45,45.14,13.73,
2025-11-06,2025,310,10.43,77.53,17.8,
2025-11-07,2025,311,0.79,76.29,16.24,
2025-11-08,2025,312,0.15,66.26,15.8,
2025-11-09,2025,313,0.02,57.13,15.15,
2025-11-10,2025,314,7.67,68.23,17.19,
2025-11-11,2025,315,2.23,70.44,17.26,
2025-11-12,2025,316,2.41,65.89,16.42,
2025-11-13,2025,317,0.18,59.9,15.07,
2025-11-14,2025,318,0.0,53.07,13.53,
2025-11-15,2025,319,0.0,49.36,13.11,
2025-11-16,2025,320,0.08,46.39,13.07,
2025-11-17,2025,321,0.12,49.73,14.29,
2025-11-18,2025,322,0.02,50.87,14.19,
2025-11-19,2025,323,0.63,50.86,14.24,
2025-11-20,2025,324,1.14,61.05,15.59,
2025-11-21,2025,325,0.56,63.9,15.52,
2025-11-22,2025,326,5.74,69.44,16.26,
2025-11-23,2025,327,1.01,68.08,16.81,
2025-11-24,2025,328,0.32,76.17,17.32,
2025-11-25,2025,329,1.0,68.48,16.69,
2025-11-26,2025,330,0.06,65.3,16.41,
2025-11-27,2025,331,26.55,80.23,17.23,
2025-11-28,2025,332,2.08,77.28,17.54,
2025-11-29,2025,333,5.45,82.24,18.14,
2025-11-30,2025,334,1.97,83.16,17.78,
2025-12-01,2025,335,0.58,73.39,16.16,
2025-12-02,2025,336,0.7,72.03,16.41,
2025-12-03,2025,337,25.02,77.82,17.73,
2025-12-04,2025,338,14.4,83.16,18.11,
2025-12-05,2025,339,4.01,81.89,17.7,
2025-12-06,2025,340,4.14,86.36,17.44,
2025-12-07,2025,341,12.56,81.87,16.58,
2025-12-08,2025,342,2.15,82.1,16.93,
2025-12-09,2025,343,49.56,82.36,17.47,
2025-12-10,2025,344,1.82,83.88,17.91,
2025-12-11,2025,345,3.55,79.76,17.96,
2025-12-12,2025,346,2.48,84.69,17.69,
2025-12-13,2025,347,8.07,81.71,17.44,
2025-12-14,2025,348,14.57,86.39,18.04,
2025-12-15,2025,349,0.54,85.09,17.69,
2025-12-16,2025,350,0.08,76.41,17.75,
2025-12-17,2025,351,0.76,83.57,18.2,
2025-12-18,2025,352,3.2,83.97,17.88,
2025-12-19,2025,353,1.39,85.5,17.99,
2025-12-20,2025,354,3.85,87.07,17.62,
2025-12-21,2025,355,1.41,79.55,16.41,
2025-12-22,2025,356,6.56,87.33,16.81,
2025-12-23,2025,357,0.82,87.79,15.67,
2025-12-24,2025,358,9.96,85.72,16.18,
2025-12-25,2025,359,7.39,84.89,16.71,
2025-12-26,2025,360,0.03,81.16,17.32,
2025-12-27,2025,361,0.15,81.61,18.1,
2025-12-28,2025,362,0.04,80.45,17.98,
2025-12-29,2025,363,0.11,87.05,18.12,
2025-12-30,2025,364,0.23,80.4,17.76,
2025-12-31,2025,365,3.21,80.2,17.96,
